20170626-040505.wav,UK,'qhnd',NotAccepted,'6.60506's
20170626-040522.wav,UK,'zbdmra',NotAccepted,'5.35532's
20170626-040538.wav,UK,'yrlbx',NotAccepted,'6.00702's
20170626-040554.wav,UK,'beych',NotAccepted,'5.92096's
20170626-040610.wav,UK,'daskwk',Accepted,'5.69305's
20170626-040625.wav,UK,'mhdnfq',Accepted,'6.2176's
20170626-040642.wav,UK,'shrvon',NotAccepted,'5.54234's
20170626-040658.wav,UK,'mhdmr',NotAccepted,'5.54268's
20170626-040714.wav,UK,'yzr',NotAccepted,'5.71783's
20170626-040730.wav,UK,'pooved',Accepted,'5.61481's
20170626-040746.wav,UK,'hkwcbx',NotAccepted,'6.79625's
20170626-040803.wav,UK,'esxwhc',NotAccepted,'7.48496's
20170714-174900.wav,UK,'kcfdfk',NotAccepted,'5.80564's
20170714-174915.wav,UK,'tswmko',Accepted,'5.45669's
20170714-174931.wav,UK,'txvzy',NotAccepted,'6.80085's
20170714-174947.wav,UK,'dnhdq',NotAccepted,'5.49749's
20170714-175001.wav,UK,'ygglmw',NotAccepted,'5.84474's
20170714-175017.wav,UK,'ttzwwm',NotAccepted,'5.64903's
20170714-175029.wav,UK,'pnoe',NotAccepted,'6.44784's
20170714-175032.wav,UK,'nszsloe',NotAccepted,'5.26088's
20170714-175044.wav,UK,'nans',NotAccepted,'5.22913's
20170714-175046.wav,UK,'fhdds',NotAccepted,'5.41399's
20170714-175100.wav,UK,'aeqhsl',NotAccepted,'5.6361's
20170714-175101.wav,UK,'yvamvz',Accepted,'6.1181's
20170714-175116.wav,UK,'ohsda',NotAccepted,'5.21132's
20170714-175115.wav,UK,'actqta',NotAccepted,'5.774's
20170714-175131.wav,UK,'xtxvwe',NotAccepted,'5.74879's
20170714-175131.wav,UK,'ovkugbl',NotAccepted,'7.5808's
20170714-175145.wav,UK,'gkxw',NotAccepted,'5.39493's
20170714-175149.wav,UK,'ohmbx',NotAccepted,'5.34154's
20170714-175200.wav,UK,'yosmpd',Accepted,'5.45276's
20170714-175204.wav,UK,'okwzr',NotAccepted,'5.42205's
20170714-175214.wav,UK,'wayahv',NotAccepted,'5.82517's
20170714-175219.wav,UK,'vvxrb',NotAccepted,'5.40559's
20170714-175229.wav,UK,'spoog',NotAccepted,'5.59178's
20170714-175234.wav,UK,'cuscf',NotAccepted,'5.54705's
20170714-175248.wav,UK,'atdprx3',NotAccepted,'5.5649's
20170714-175304.wav,UK,'pzaos',NotAccepted,'5.41253's
20170714-175318.wav,UK,'wkfxpx',NotAccepted,'6.83467's
20170714-175334.wav,UK,'dhucwf',NotAccepted,'5.88183's
20170714-175349.wav,UK,'hacxaf',NotAccepted,'5.67831's
20170714-175405.wav,UK,'bvbfw',NotAccepted,'5.34657's
20170714-175419.wav,UK,'bkaw',NotAccepted,'5.27623's
20170714-175433.wav,UK,'vsosvc',Accepted,'5.74288's
20170714-175449.wav,UK,'sxxhvof',NotAccepted,'5.78753's
20170714-175505.wav,UK,'xdnpgra',NotAccepted,'6.92588's
20170714-175521.wav,UK,'ekqrcb',NotAccepted,'7.05969's
20170714-175538.wav,UK,'hnahnfo',NotAccepted,'5.77283's
20170714-175553.wav,UK,'rgskbm',Accepted,'5.7765's
20170714-175608.wav,UK,'xybcey',Accepted,'5.34836's
20170714-175622.wav,UK,'cctzf',NotAccepted,'7.81542's
20170714-175640.wav,UK,'vkboyw',Accepted,'5.22144's
20170714-175654.wav,UK,'gmamhf',Accepted,'5.49636's
20170714-175709.wav,UK,'cxbds',NotAccepted,'5.55473's
20170714-175724.wav,UK,'aogtgwc',NotAccepted,'5.69526's
20170714-175738.wav,UK,'dnrtc',NotAccepted,'6.19504's
20170714-175753.wav,UK,'csrvkz',Accepted,'5.34208's
20170714-175808.wav,UK,'xfaofw',Accepted,'5.27559's
20170714-175822.wav,UK,'gdctqm',NotAccepted,'6.74085's
20170714-175838.wav,UK,'ucnhn',NotAccepted,'6.02017's
20170714-175853.wav,UK,'srvy',NotAccepted,'5.48992's
20170714-175908.wav,UK,'hahzef',NotAccepted,'7.30026's
20170714-175924.wav,UK,'ofsuvc',Accepted,'5.5676's
20170714-175938.wav,UK,'kfay',NotAccepted,'5.56208's
20170714-175953.wav,UK,'oppvs',NotAccepted,'5.5343's
20170714-180007.wav,UK,'odddks',NotAccepted,'5.62375's
20170714-180022.wav,UK,'ecpt',NotAccepted,'5.17868's
20170714-180037.wav,UK,'dtob',NotAccepted,'5.27622's
20170714-180052.wav,UK,'dpac',NotAccepted,'5.66422's
20170714-180107.wav,UK,'xzmnnw',Accepted,'5.76449's
20170714-180123.wav,UK,'cwztkg',NotAccepted,'6.97382's
20170714-180139.wav,UK,'dxmgd',NotAccepted,'5.72901's
20170714-180154.wav,UK,'rgwmfc',Accepted,'5.66678's
20170714-180210.wav,UK,'warytr',Accepted,'5.25103's
20170714-180224.wav,UK,'yaccc',NotAccepted,'5.70529's
20170714-180239.wav,UK,'ngafz',NotAccepted,'5.28061's
20170714-180255.wav,UK,'hfwbun',Accepted,'5.37192's
20170714-180311.wav,UK,'bypmd',NotAccepted,'6.26931's
20170714-180327.wav,UK,'ppomxdc',NotAccepted,'5.68934's
20170714-180343.wav,UK,'hrantee',NotAccepted,'5.43166's
20170714-180358.wav,UK,'dcgbywd',NotAccepted,'5.52901's
20170714-180414.wav,UK,'o1myzv',NotAccepted,'5.85748's
20170714-180429.wav,UK,'mowrh',NotAccepted,'5.25327's
20170714-180443.wav,UK,'aphbw',NotAccepted,'6.44542's
20170714-180459.wav,UK,'gbbd',NotAccepted,'6.31527's
20170714-180515.wav,UK,'qkadwkl',NotAccepted,'5.76107's
20170714-180531.wav,UK,'tkfsn',NotAccepted,'5.72578's
20170714-180545.wav,UK,'cbbfmn',NotAccepted,'5.57857's
20170714-180600.wav,UK,'sshfhba',NotAccepted,'5.89781's
20170714-180616.wav,UK,'bdbk',NotAccepted,'5.23271's
20170714-180631.wav,UK,'tsoxr',NotAccepted,'5.25396's
20170714-180646.wav,UK,'eypphm',Accepted,'5.31973's
20170714-180701.wav,UK,'xthyvv',Accepted,'6.16406's
20170714-180717.wav,UK,'hgf',NotAccepted,'5.20427's
20170714-180731.wav,UK,'qkfhry',NotAccepted,'5.86583's
20170714-180746.wav,UK,'bfwcxd',NotAccepted,'5.51224's
20170714-180800.wav,UK,'tmgmzr',NotAccepted,'5.59906's
20170714-180816.wav,UK,'mrlr',NotAccepted,'5.44897's
20170714-180830.wav,UK,'tdhsrl',NotAccepted,'5.66581's
20170714-180846.wav,UK,'fhytfr',Accepted,'5.74464's
20170714-180902.wav,UK,'oybdex3',NotAccepted,'5.56081's
20170714-180916.wav,UK,'yzhcvf',NotAccepted,'5.37746's
20170714-180932.wav,UK,'odyer',NotAccepted,'5.35471's
20170714-180947.wav,UK,'rtwxb',NotAccepted,'6.34645's
20170714-181004.wav,UK,'namdq',NotAccepted,'5.78604's
20170714-181018.wav,UK,'rws',NotAccepted,'5.57549's
20170714-181034.wav,UK,'uvdcf',NotAccepted,'5.33137's
20170714-181048.wav,UK,'ncfsht',NotAccepted,'7.68347's
20170714-181104.wav,UK,'wymegx',Accepted,'5.71681's
20170714-181119.wav,UK,'xdhrxr',NotAccepted,'5.45412's
20170714-181135.wav,UK,'xrxrwde',NotAccepted,'5.51915's
20170714-181150.wav,UK,'zmgofn',Accepted,'6.00225's
20170714-181204.wav,UK,'pl4rb',NotAccepted,'6.05042's
20170714-181220.wav,UK,'qbfky',NotAccepted,'6.00014's
20170714-181236.wav,UK,'xgrcbo',Accepted,'5.46082's
20170714-181250.wav,UK,'xowfk',NotAccepted,'6.39699's
20170714-181306.wav,UK,'bfwcwh',Accepted,'5.94446's
20170714-181320.wav,UK,'wcdw',NotAccepted,'7.64893's
20170714-181337.wav,UK,'dfxdd',NotAccepted,'5.2631's
20170714-181353.wav,UK,'xxwtkg',Accepted,'7.35397's
20170714-181410.wav,UK,'ztbc',NotAccepted,'5.33076's
20170714-181425.wav,UK,'aestfk',Accepted,'5.33831's
20170714-181440.wav,UK,'fbsvdx',Accepted,'5.36994's
20170714-181454.wav,UK,'pcpbs',NotAccepted,'6.12683's
20170714-181509.wav,UK,'vardt',NotAccepted,'5.30176's
20170714-181524.wav,UK,'pdqwma',Accepted,'5.4799's
20170714-181538.wav,UK,'ahpc',NotAccepted,'5.28965's
20170714-181553.wav,UK,'ahqryfc',NotAccepted,'5.84123's
20170714-181609.wav,UK,'ekwbsy',Accepted,'5.50217's
20170714-181624.wav,UK,'fan',NotAccepted,'5.97297's
20170714-181640.wav,UK,'rtpsyn',NotAccepted,'5.63223's
20170714-181654.wav,UK,'qtfbyo',Accepted,'5.42098's
20170714-181710.wav,UK,'agcc',NotAccepted,'7.03939's
20170714-181727.wav,UK,'hcvmaba3',NotAccepted,'6.14306's
20170714-181742.wav,UK,'kqdndq',Accepted,'5.29943's
20170714-181758.wav,UK,'hrdud',NotAccepted,'7.69251's
20170714-181815.wav,UK,'pdvkr',NotAccepted,'5.41848's
20170714-181829.wav,UK,'dmhm',NotAccepted,'5.4323's
20170714-181844.wav,UK,'nyzwf',NotAccepted,'5.58683's
20170714-181900.wav,UK,'eaddn',NotAccepted,'6.69542's
20170714-181915.wav,UK,'rccfc',NotAccepted,'5.27601's
20170714-181930.wav,UK,'xxmom',NotAccepted,'5.4595's
20170714-181946.wav,UK,'vwdwpr',NotAccepted,'6.0057's
20170714-182002.wav,UK,'urrfr',NotAccepted,'5.51648's
20170714-182017.wav,UK,'kdfxc',NotAccepted,'5.57713's
20170714-182033.wav,UK,'mzhfgf',Accepted,'5.65243's
20170714-182048.wav,UK,'ywptdn',Accepted,'5.33894's
20170714-182102.wav,UK,'aaxp',NotAccepted,'5.29754's
20170714-182116.wav,UK,'gwyr',NotAccepted,'6.76242's
20170714-182132.wav,UK,'dbhwken',NotAccepted,'6.01202's
20170714-182148.wav,UK,'coodh',NotAccepted,'5.28838's
20170714-182201.wav,UK,'yfmfodpg',NotAccepted,'5.58962's
20170714-182217.wav,UK,'wbagr',NotAccepted,'5.26238's
20170714-182231.wav,UK,'thpbnt',NotAccepted,'5.87191's
20170714-182247.wav,UK,'hxxpx',NotAccepted,'5.31013's
20170714-182303.wav,UK,'rgeuf',NotAccepted,'5.30431's
20170714-182318.wav,UK,'fbkobtg',NotAccepted,'5.48923's
20170714-182332.wav,UK,'dwmhqh',NotAccepted,'5.50184's
20170714-182347.wav,UK,'emavmbo',NotAccepted,'7.63872's
20170714-182404.wav,UK,'ncavxf',Accepted,'5.57634's
20170714-182420.wav,UK,'stbrtc',Accepted,'5.38713's
20170714-182434.wav,UK,'fxw',NotAccepted,'6.56607's
20170714-182449.wav,UK,'kyhtg',NotAccepted,'5.61585's
20170714-182504.wav,UK,'osxrvy',NotAccepted,'5.95563's
20170714-182521.wav,UK,'vswfry',NotAccepted,'5.67201's
20170714-182536.wav,UK,'ybqdpk',Accepted,'7.00966's
20170714-182553.wav,UK,'msek',NotAccepted,'5.93002's
20170714-182609.wav,UK,'owycbfn',NotAccepted,'5.79373's
20170714-182624.wav,UK,'abotkm',NotAccepted,'6.7624's
20170714-182640.wav,UK,'bcot',NotAccepted,'6.33873's
20170714-182656.wav,UK,'vwkm',NotAccepted,'9.65685's
20170714-182715.wav,UK,'qaqhqw',Accepted,'5.60264's
20170714-182729.wav,UK,'cfzap',NotAccepted,'5.44001's
20170714-182743.wav,UK,'fnohdof',NotAccepted,'5.55523's
20170714-182758.wav,UK,'lncga',NotAccepted,'6.48701's
20170714-182814.wav,UK,'xucfzm',NotAccepted,'6.12702's
20170714-182829.wav,UK,'mcrxdw',Accepted,'5.60859's
20170714-182844.wav,UK,'pzthma',NotAccepted,'5.81218's
20170714-182859.wav,UK,'cwgn',NotAccepted,'6.4407's
20170714-182915.wav,UK,'ehyey',NotAccepted,'5.26394's
20170714-182930.wav,UK,'wznefw',Accepted,'5.47113's
20170714-182944.wav,UK,'dygnhc',Accepted,'6.04826's
20170714-183000.wav,UK,'ofcnop',NotAccepted,'6.51679's
20170714-183016.wav,UK,'wxdnh',NotAccepted,'5.34786's
20170714-183032.wav,UK,'xymlg',NotAccepted,'6.90946's
20170714-183048.wav,UK,'fhdp',NotAccepted,'5.21532's
20170714-183103.wav,UK,'xfgwhw',Accepted,'5.68587's
20170714-183117.wav,UK,'gmydt',NotAccepted,'6.91446's
20170714-183134.wav,UK,'zbvgr',NotAccepted,'5.75158's
20170714-183151.wav,UK,'hgmhsr',Accepted,'5.68736's
20170714-183206.wav,UK,'hyhrxr',NotAccepted,'9.37647's
20170714-183225.wav,UK,'qle',NotAccepted,'8.355's
20170714-183242.wav,UK,'sbcca3',NotAccepted,'6.33243's
20170714-183259.wav,UK,'fgsban',Accepted,'5.73539's
20170714-183314.wav,UK,'ooffsn',Accepted,'5.80615's
20170714-183330.wav,UK,'mvdqd',NotAccepted,'6.05023's
20170714-183345.wav,UK,'ksao',NotAccepted,'7.26279's
20170714-183402.wav,UK,'nhfcbnw',NotAccepted,'8.44792's
20170714-183420.wav,UK,'pcdfok',NotAccepted,'6.05743's
20170714-183436.wav,UK,'ttyee',NotAccepted,'5.55288's
20170714-183451.wav,UK,'nreggc',NotAccepted,'6.03043's
20170714-183507.wav,UK,'erlvl',NotAccepted,'7.92924's
20170714-183523.wav,UK,'hqrdd',NotAccepted,'5.68758's
20170714-183538.wav,UK,'mrcnxa',Accepted,'6.37331's
20170714-183553.wav,UK,'smvfc',NotAccepted,'5.23521's
20170714-183608.wav,UK,'slqzt',NotAccepted,'5.97543's
20170714-183623.wav,UK,'uwplpw',NotAccepted,'5.99246's
20170714-183638.wav,UK,'vxty',NotAccepted,'5.73318's
20170714-183653.wav,UK,'fpyyx',NotAccepted,'6.41136's
20170714-183708.wav,UK,'cdecp',NotAccepted,'5.91983's
20170714-183722.wav,UK,'ukn',NotAccepted,'5.24787's
20170714-183736.wav,UK,'ffwct',NotAccepted,'5.66707's
20170714-183751.wav,UK,'olhnw',NotAccepted,'5.37785's
20170714-183806.wav,UK,'ufzyvx',Accepted,'5.84553's
20170714-183821.wav,UK,'ezn',NotAccepted,'5.37222's
20170714-183836.wav,UK,'yrvhd',NotAccepted,'5.37973's
20170714-183851.wav,UK,'yratgg',NotAccepted,'7.538's
20170714-183909.wav,UK,'xwcdz',NotAccepted,'5.2446's
20170714-183924.wav,UK,'awfvv',NotAccepted,'5.44312's
20170714-183938.wav,UK,'ahed',NotAccepted,'5.14846's
20170714-183954.wav,UK,'mhu',NotAccepted,'9.36627's
20170714-184013.wav,UK,'hvobmb',NotAccepted,'5.71777's
20170714-184028.wav,UK,'mnvtra3',NotAccepted,'7.01898's
20170714-184045.wav,UK,'rtkx',NotAccepted,'7.20924's
20170714-184103.wav,UK,'ecbwcswk',NotAccepted,'6.30571's
20170714-184118.wav,UK,'sdpts',NotAccepted,'5.30003's
20170714-184134.wav,UK,'hclpv',NotAccepted,'8.75422's
20170714-184153.wav,UK,'mceah',NotAccepted,'6.8274's
20170714-184210.wav,UK,'crrbca',NotAccepted,'5.66388's
20170714-184225.wav,UK,'rbrfyvh',NotAccepted,'7.21167's
20170714-184243.wav,UK,'drd',NotAccepted,'5.28618's
20170714-184258.wav,UK,'xrffu',NotAccepted,'5.37625's
20170714-184312.wav,UK,'cplhw',NotAccepted,'5.82278's
20170714-184328.wav,UK,'bzavm',NotAccepted,'5.79361's
20170714-184344.wav,UK,'mr4lo',NotAccepted,'5.74444's
20170714-184400.wav,UK,'hommox',NotAccepted,'5.82112's
20170714-184417.wav,UK,'bxhfav',Accepted,'5.99832's
20170714-184432.wav,UK,'sedea',NotAccepted,'5.80639's
20170714-184448.wav,UK,'zhdepn',Accepted,'5.29256's
20170714-184502.wav,UK,'ovc',NotAccepted,'7.27076's
20170714-184520.wav,UK,'ogoxw',NotAccepted,'5.44824's
20170714-184534.wav,UK,'thce',NotAccepted,'6.23586's
20170714-184549.wav,UK,'zhu',NotAccepted,'6.56344's
20170714-184605.wav,UK,'womsp',NotAccepted,'5.56161's
20170714-184620.wav,UK,'yncdr',NotAccepted,'5.28501's
20170714-184634.wav,UK,'rnchmb',NotAccepted,'5.51699's
20170714-184648.wav,UK,'uoxnn',NotAccepted,'5.77033's
20170714-184704.wav,UK,'aygzb',NotAccepted,'5.52181's
20170714-184719.wav,UK,'gcwtso',NotAccepted,'5.62308's
20170714-184734.wav,UK,'kdgwra',NotAccepted,'5.84167's
20170714-184750.wav,UK,'dbdavn',NotAccepted,'5.71667's
20170714-184804.wav,UK,'trxycb',NotAccepted,'5.75544's
20170714-184818.wav,UK,'emmod',NotAccepted,'5.2776's
20170714-184832.wav,UK,'qgh',NotAccepted,'6.71625's
20170714-184849.wav,UK,'ncwyu',NotAccepted,'5.89216's
20170714-184904.wav,UK,'tcbromu',NotAccepted,'8.32617's
20170714-184921.wav,UK,'rtted',NotAccepted,'5.83644's
20170714-184936.wav,UK,'ebmp',NotAccepted,'7.60439's
20170714-184953.wav,UK,'qyodes',Accepted,'5.33156's
20170714-185007.wav,UK,'ogmpo',NotAccepted,'5.7007's
20170714-185023.wav,UK,'fxrsh',NotAccepted,'5.47434's
20170714-185038.wav,UK,'bdomn',NotAccepted,'5.61269's
20170714-185053.wav,UK,'mbedct',NotAccepted,'5.64126's
20170714-185109.wav,UK,'awg',NotAccepted,'7.68366's
20170714-185126.wav,UK,'zcwav',NotAccepted,'5.77096's
20170714-185141.wav,UK,'bxyzu',NotAccepted,'5.23475's
20170714-185156.wav,UK,'oymllslx',NotAccepted,'5.59589's
20170714-185210.wav,UK,'umfthg',Accepted,'6.25978's
20170714-185226.wav,UK,'dmmdee',NotAccepted,'5.35887's
20170714-185240.wav,UK,'noeebtc',NotAccepted,'5.4802's
20170714-185255.wav,UK,'bter',NotAccepted,'5.06388's
20170714-185311.wav,UK,'qgchh',NotAccepted,'5.81511's
20170714-185325.wav,UK,'tbtwkp',NotAccepted,'5.7332's
20170714-185340.wav,UK,'qefrwmn',NotAccepted,'5.8883's
20170714-185355.wav,UK,'dtukl',NotAccepted,'6.82677's
20170714-185413.wav,UK,'xrhwd',NotAccepted,'5.44249's
20170714-185428.wav,UK,'kaoxdy',NotAccepted,'5.74224's
20170714-185444.wav,UK,'aafm',NotAccepted,'5.42668's
20170714-185459.wav,UK,'wsfcu',NotAccepted,'5.79366's
20170714-185513.wav,UK,'owvod',NotAccepted,'5.55077's
20170714-185528.wav,UK,'onzukk',Accepted,'5.54427's
20170714-185542.wav,UK,'gcsmk',NotAccepted,'5.49369's
20170714-185558.wav,UK,'mrdbee',NotAccepted,'5.75867's
20170714-185613.wav,UK,'pkqrsn',Accepted,'5.67977's
20170714-185629.wav,UK,'bwf',NotAccepted,'5.14202's
20170714-185644.wav,UK,'aafyr',NotAccepted,'5.18182's
20170714-185659.wav,UK,'qtslf',NotAccepted,'5.57962's
20170714-185714.wav,UK,'awcmrb',NotAccepted,'5.64516's
20170714-185730.wav,UK,'mwvenw',NotAccepted,'5.90686's
20170714-185745.wav,UK,'pszrb',NotAccepted,'5.47637's
20170714-185759.wav,UK,'fuhcte',Accepted,'8.31573's
20170714-185817.wav,UK,'ohzb',NotAccepted,'7.63577's
20170714-185834.wav,UK,'e',NotAccepted,'5.21775's
20170714-185849.wav,UK,'svfth',NotAccepted,'7.51795's
20170714-185906.wav,UK,'qptw',NotAccepted,'5.87561's
20170714-185921.wav,UK,'afzbw',NotAccepted,'5.88241's
20170714-185937.wav,UK,'qoyfem',NotAccepted,'5.7305's
20170714-185953.wav,UK,'hxnfrv',Accepted,'5.93819's
20170714-190007.wav,UK,'rdwrr',NotAccepted,'6.04763's
20170714-190023.wav,UK,'aya',NotAccepted,'5.52454's
20170714-190038.wav,UK,'mhtbf',NotAccepted,'5.48252's
20170714-190052.wav,UK,'dpxgps',NotAccepted,'7.25649's
20170714-190109.wav,UK,'fuype',NotAccepted,'5.49132's
20170714-190124.wav,UK,'urwwcb',NotAccepted,'5.72475's
20170714-190139.wav,UK,'nfwycn',Accepted,'6.29573's
20170714-190155.wav,UK,'bdoyac',NotAccepted,'7.19877's
20170714-190210.wav,UK,'cevkrt',Accepted,'6.14814's
20170714-190227.wav,UK,'xygnkb',NotAccepted,'5.65363's
20170714-190242.wav,UK,'rahrrg',NotAccepted,'5.88682's
20170714-190257.wav,UK,'pzvya',NotAccepted,'5.72147's
20170714-190311.wav,UK,'ahqfuwcp',NotAccepted,'7.07594's
20170714-190329.wav,UK,'eyt',NotAccepted,'5.26289's
20170714-190343.wav,UK,'ndnhgc',Accepted,'6.76276's
20170714-190400.wav,UK,'pzwghv',Accepted,'5.3662's
20170714-190415.wav,UK,'pmdylh',NotAccepted,'5.35733's
20170714-190430.wav,UK,'osnx',NotAccepted,'5.17496's
20170714-190445.wav,UK,'mncbd',NotAccepted,'5.67883's
20170714-190500.wav,UK,'abonfyr',NotAccepted,'5.17809's
20170714-190514.wav,UK,'grexru',Accepted,'5.85295's
20170714-190529.wav,UK,'spprh',NotAccepted,'5.32488's
20170714-190543.wav,UK,'sofoqt',NotAccepted,'5.74072's
20170714-190559.wav,UK,'qydfbw',Accepted,'5.56259's
20170714-190614.wav,UK,'ahfxh',NotAccepted,'5.2896's
20170714-190629.wav,UK,'nhxwkms',NotAccepted,'7.27523's
20170714-190646.wav,UK,'udrn',NotAccepted,'5.94279's
20170714-190701.wav,UK,'gmcmo',NotAccepted,'6.07172's
20170714-190717.wav,UK,'rrfc',NotAccepted,'5.51685's
20170714-190732.wav,UK,'fnbq',NotAccepted,'9.15866's
20170714-190751.wav,UK,'xehbu',NotAccepted,'5.66021's
20170714-190806.wav,UK,'apdkn',NotAccepted,'5.71518's
20170714-190821.wav,UK,'mopxd',NotAccepted,'5.77651's
20170714-190837.wav,UK,'apwo',NotAccepted,'5.70643's
20170714-190852.wav,UK,'gbcpgn',NotAccepted,'5.7646's
20170714-190908.wav,UK,'pambm',NotAccepted,'6.11494's
20170714-190922.wav,UK,'gmofxe',NotAccepted,'10.13012's
20170714-190943.wav,UK,'rtun',NotAccepted,'5.58985's
20170714-190958.wav,UK,'chtwz',NotAccepted,'5.35518's
20170714-191012.wav,UK,'nbbkyr',Accepted,'6.91042's
20170714-191029.wav,UK,'hwrky',NotAccepted,'6.4476's
20170714-191046.wav,UK,'wftrcz',Accepted,'5.76402's
20170714-191100.wav,UK,'mmfwcby',NotAccepted,'5.88989's
20170714-191116.wav,UK,'eg',NotAccepted,'7.63252's
20170714-191134.wav,UK,'bmfw',NotAccepted,'5.61569's
20170714-191149.wav,UK,'dphryp',NotAccepted,'5.74509's
20170714-191203.wav,UK,'gcwhoa',Accepted,'5.63107's
20170714-191218.wav,UK,'ccuwimw',NotAccepted,'6.24963's
20170714-191234.wav,UK,'nffry',NotAccepted,'5.47974's
20170714-191248.wav,UK,'whhhs',NotAccepted,'5.83143's
20170714-191303.wav,UK,'mgnanr',NotAccepted,'5.76928's
20170714-191318.wav,UK,'sotvs',NotAccepted,'5.3126's
20170714-191332.wav,UK,'mztbx',NotAccepted,'5.31567's
20170714-191346.wav,UK,'bany',NotAccepted,'5.57114's
20170714-191401.wav,UK,'rpnoo',NotAccepted,'5.70823's
20170714-191416.wav,UK,'dfrnqwc',NotAccepted,'6.19868's
20170714-191433.wav,UK,'fufyts',Accepted,'5.38406's
20170714-191447.wav,UK,'cggywg',Accepted,'5.33854's
20170714-191502.wav,UK,'pkmwhe',Accepted,'6.89338's
20170714-191519.wav,UK,'gyshnf',Accepted,'5.47741's
20170714-191534.wav,UK,'seecbna',NotAccepted,'6.65966's
20170714-191551.wav,UK,'xcdtw',NotAccepted,'5.24195's
20170714-191607.wav,UK,'yapz',NotAccepted,'5.95795's
20170714-191622.wav,UK,'sbysn',NotAccepted,'5.9031's
20170714-191639.wav,UK,'nosm',NotAccepted,'5.28633's
20170714-191653.wav,UK,'ydcnne',Accepted,'5.83676's
20170714-191708.wav,UK,'rbbahw',Accepted,'5.33762's
20170714-191723.wav,UK,'strrp',NotAccepted,'6.73436's
20170714-191740.wav,UK,'hrffrc',NotAccepted,'7.48235's
20170714-191756.wav,UK,'xdffed',Accepted,'5.25305's
20170714-191811.wav,UK,'hnq',NotAccepted,'8.83953's
20170714-191829.wav,UK,'shdyfp',Accepted,'5.93501's
20170714-191845.wav,UK,'vqbzw',NotAccepted,'5.65786's
20170714-191859.wav,UK,'dkwc',NotAccepted,'6.82328's
20170714-191916.wav,UK,'prvgyd',NotAccepted,'5.72683's
20170714-191931.wav,UK,'cs',NotAccepted,'6.65171's
20170714-191947.wav,UK,'skwfpt',NotAccepted,'5.64908's
20170714-192003.wav,UK,'booook',NotAccepted,'5.29083's
20170714-192018.wav,UK,'prnm',NotAccepted,'5.52457's
20170714-192033.wav,UK,'bknd',NotAccepted,'5.24497's
20170714-192047.wav,UK,'vfwchw',Accepted,'5.68576's
20170714-192102.wav,UK,'cxdys',NotAccepted,'5.73408's
20170714-192118.wav,UK,'rcd',NotAccepted,'5.67633's
20170714-192132.wav,UK,'yry',NotAccepted,'5.37313's
20170714-192147.wav,UK,'uapc',NotAccepted,'5.80045's
20170714-192203.wav,UK,'ctnn',NotAccepted,'5.30275's
20170714-192218.wav,UK,'pprov',NotAccepted,'6.08434's
20170714-192233.wav,UK,'uaxcwc',Accepted,'5.71161's
20170714-192248.wav,UK,'vxpdwz',NotAccepted,'5.61585's
20170714-192303.wav,UK,'utvvxc',Accepted,'6.04084's
20170714-192318.wav,UK,'erqrru',Accepted,'5.72428's
20170714-192333.wav,UK,'apadn5',NotAccepted,'6.94268's
20170714-192349.wav,UK,'vapt',NotAccepted,'5.29548's
20170714-192403.wav,UK,'vaohs',NotAccepted,'7.47825's
20170714-192420.wav,UK,'mcto',NotAccepted,'7.2183's
20170714-192437.wav,UK,'cqnsm',NotAccepted,'5.5799's
20170714-192452.wav,UK,'sfndt',NotAccepted,'5.60086's
20170714-192507.wav,UK,'anda',NotAccepted,'5.1628's
20170714-192522.wav,UK,'bg',NotAccepted,'9.11624's
20170714-192542.wav,UK,'tpehax',Accepted,'5.83346's
20170714-192558.wav,UK,'es',NotAccepted,'8.14419's
20170714-192616.wav,UK,'qcqbun',Accepted,'8.05744's
20170714-192634.wav,UK,'bvwfno',Accepted,'5.50621's
20170714-192648.wav,UK,'oryxeb',NotAccepted,'5.58711's
20170714-192704.wav,UK,'ygrefx',NotAccepted,'6.93363's
20170714-192719.wav,UK,'ndrve',NotAccepted,'6.31071's
20170714-192735.wav,UK,'ssmmw',NotAccepted,'5.37737's
20170714-192751.wav,UK,'rawhy',NotAccepted,'6.83168's
20170714-192807.wav,UK,'ofdcx',NotAccepted,'5.75538's
20170714-192822.wav,UK,'atqk',NotAccepted,'5.58759's
20170714-192837.wav,UK,'xhvbna',NotAccepted,'5.59414's
20170714-192854.wav,UK,'otmeuy',Accepted,'5.27802's
20170714-192909.wav,UK,'sdhrnm',Accepted,'7.33749's
20170714-192926.wav,UK,'btwgbc',Accepted,'5.49728's
20170714-192942.wav,UK,'zgghmy',NotAccepted,'5.67493's
20170714-192957.wav,UK,'afowm',NotAccepted,'7.33193's
20170714-193014.wav,UK,'bawpym',Accepted,'5.41828's
20170714-193029.wav,UK,'pydbt',NotAccepted,'5.85092's
20170714-193044.wav,UK,'dfmmpr',NotAccepted,'5.65207's
20170714-193059.wav,UK,'bqquew',Accepted,'5.5699's
20170714-193114.wav,UK,'peranr',NotAccepted,'5.78491's
20170714-193129.wav,UK,'gezchtv',NotAccepted,'6.80748's
20170714-193145.wav,UK,'konmw',NotAccepted,'6.93762's
20170714-193202.wav,UK,'dff',NotAccepted,'6.80392's
20170714-193217.wav,UK,'ggbobqe',NotAccepted,'5.59925's
20170714-193232.wav,UK,'armn',NotAccepted,'5.90867's
20170714-193248.wav,UK,'fdcbw',NotAccepted,'5.57158's
20170714-193302.wav,UK,'ybpway',Accepted,'5.59167's
20170714-193318.wav,UK,'vskklk',NotAccepted,'5.34606's
20170714-193334.wav,UK,'wbduy',NotAccepted,'5.24443's
20170714-193348.wav,UK,'dnkych',NotAccepted,'5.78788's
20170714-193405.wav,UK,'hsyubx3',NotAccepted,'5.90191's
20170714-193420.wav,UK,'awhmutg',NotAccepted,'5.86701's
20170714-193435.wav,UK,'mbn',NotAccepted,'6.21122's
20170714-193450.wav,UK,'netana',NotAccepted,'5.57648's
20170714-193505.wav,UK,'wcfwow',Accepted,'5.58973's
20170714-193521.wav,UK,'krg',NotAccepted,'5.74799's
20170714-193537.wav,UK,'ffbc',NotAccepted,'5.4237's
20170714-193553.wav,UK,'fvxh',NotAccepted,'5.3999's
20170714-193608.wav,UK,'douvdn',Accepted,'5.89289's
20170714-193623.wav,UK,'ptmhqn',NotAccepted,'5.73816's
20170714-193639.wav,UK,'esocf',NotAccepted,'6.41641's
20170714-193656.wav,UK,'czqfo',NotAccepted,'6.89913's
20170714-193712.wav,UK,'smtdvp',Accepted,'7.11226's
20170714-193727.wav,UK,'wtrd',NotAccepted,'5.57997's
20170714-193742.wav,UK,'fkmtfv',Accepted,'5.56476's
20170714-193757.wav,UK,'swrdgn',NotAccepted,'5.79628's
20170714-193813.wav,UK,'hcbfyu',NotAccepted,'5.70331's
20170714-193828.wav,UK,'ahdvu',NotAccepted,'8.18278's
20170714-193845.wav,UK,'oeen',NotAccepted,'5.1508's
20170714-193859.wav,UK,'yrecn',NotAccepted,'5.65118's
20170714-193914.wav,UK,'zxdxy',NotAccepted,'5.74834's
20170714-193929.wav,UK,'rekngc',Accepted,'5.59744's
20170714-193944.wav,UK,'gvdt',NotAccepted,'5.39719's
20170714-193958.wav,UK,'aka',NotAccepted,'5.29689's
20170714-194012.wav,UK,'bcpmbd',NotAccepted,'5.62191's
20170714-194027.wav,UK,'dpwfyc',Accepted,'5.72351's
20170714-194041.wav,UK,'ttcfmp',Accepted,'5.57962's
20170714-194057.wav,UK,'agudc',NotAccepted,'5.44991's
20170714-194112.wav,UK,'owffxrx',NotAccepted,'5.52591's
20170714-194127.wav,UK,'zttyu',NotAccepted,'7.16334's
20170714-194144.wav,UK,'yycgzd',Accepted,'5.76325's
20170714-194159.wav,UK,'duuvpg',Accepted,'6.70107's
20170714-194215.wav,UK,'xrarggbg',NotAccepted,'5.8808's
20170714-194231.wav,UK,'xsqha',NotAccepted,'7.58024's
20170714-194247.wav,UK,'ndf',NotAccepted,'5.23034's
20170714-194301.wav,UK,'hmph',NotAccepted,'5.72698's
20170714-194316.wav,UK,'etxxf',NotAccepted,'8.85011's
20170714-194334.wav,UK,'qhsndt',NotAccepted,'6.33044's
20170714-194349.wav,UK,'rxstn',NotAccepted,'5.78695's
20170714-194404.wav,UK,'xfye',NotAccepted,'5.32905's
20170714-194419.wav,UK,'gfftzg',Accepted,'5.56042's
20170714-194435.wav,UK,'qtzfg',NotAccepted,'5.46455's
20170714-194450.wav,UK,'zuoda',NotAccepted,'5.56863's
20170714-194506.wav,UK,'epcb',NotAccepted,'11.88014's
20170714-194528.wav,UK,'as',NotAccepted,'5.39339's
20170714-194543.wav,UK,'antg',NotAccepted,'6.21504's
20170714-194559.wav,UK,'zdpts',NotAccepted,'7.81446's
20170714-194617.wav,UK,'neourlb',NotAccepted,'7.01382's
20170714-194634.wav,UK,'poshy',NotAccepted,'5.39852's
20170714-194650.wav,UK,'sfthhb',NotAccepted,'5.84201's
20170714-194705.wav,UK,'qkren',NotAccepted,'5.32364's
20170714-194719.wav,UK,'qasa',NotAccepted,'7.1946's
20170714-194736.wav,UK,'vvorft',Accepted,'5.41214's
20170714-194751.wav,UK,'rzumc',NotAccepted,'9.14433's
20170714-194810.wav,UK,'gykw',NotAccepted,'5.62027's
20170714-194826.wav,UK,'un',NotAccepted,'5.85183's
20170714-194842.wav,UK,'exdtv',NotAccepted,'5.48217's
20170714-194856.wav,UK,'gyhmow',Accepted,'5.62059's
20170714-194912.wav,UK,'egfytl',NotAccepted,'5.88221's
20170714-194927.wav,UK,'kcyn',NotAccepted,'5.99839's
20170714-194943.wav,UK,'slcbctg',NotAccepted,'7.57953's
20170714-195001.wav,UK,'agxtk',NotAccepted,'7.76967's
20170714-195017.wav,UK,'moryz',NotAccepted,'5.25965's
20170714-195032.wav,UK,'dyaunp',Accepted,'5.34466's
20170714-195047.wav,UK,'fdqnw',NotAccepted,'5.87444's
20170714-195103.wav,UK,'futate',Accepted,'5.53015's
20170714-195118.wav,UK,'woctey',Accepted,'5.37764's
20170714-195132.wav,UK,'gbtft',NotAccepted,'5.30603's
20170714-195146.wav,UK,'gtrxzt',Accepted,'5.6292's
20170714-195200.wav,UK,'acasr',NotAccepted,'6.87419's
20170714-195217.wav,UK,'vwtbyv',Accepted,'6.0167's
20170714-195231.wav,UK,'o4lnwnlc',NotAccepted,'6.93626's
20170714-195249.wav,UK,'sxarxw',Accepted,'5.84036's
20170714-195304.wav,UK,'caamhwo',NotAccepted,'5.78611's
20170714-195320.wav,UK,'huaqq',NotAccepted,'8.81823's
20170714-195338.wav,UK,'kryr',NotAccepted,'5.39808's
20170714-195353.wav,UK,'pspng',NotAccepted,'6.07931's
20170714-195409.wav,UK,'cuizx',NotAccepted,'7.53816's
20170714-195426.wav,UK,'wtcorb',Accepted,'5.32172's
20170714-195441.wav,UK,'ybearwb',NotAccepted,'5.6582's
20170714-195457.wav,UK,'hsupa',NotAccepted,'6.63437's
20170714-195513.wav,UK,'arfc',NotAccepted,'7.77719's
20170714-195530.wav,UK,'yormed',Accepted,'5.4784's
20170714-195546.wav,UK,'uabdw',NotAccepted,'5.5576's
20170714-195600.wav,UK,'aady',NotAccepted,'5.48411's
20170714-195615.wav,UK,'vfeers',Accepted,'5.26491's
20170714-195630.wav,UK,'obotk',NotAccepted,'7.15119's
20170714-195647.wav,UK,'yymms',NotAccepted,'5.34434's
20170714-195702.wav,UK,'pfowfd',Accepted,'5.36514's
20170714-195717.wav,UK,'wuhumvx',NotAccepted,'7.11506's
20170714-195734.wav,UK,'bbyafvv',NotAccepted,'5.7357's
20170714-195749.wav,UK,'oofcg',NotAccepted,'5.37699's
20170714-195804.wav,UK,'ypfrsr',Accepted,'5.38818's
20170714-195819.wav,UK,'kvwm',NotAccepted,'5.71975's
20170714-195833.wav,UK,'deecoo',NotAccepted,'6.01951's
20170714-195849.wav,UK,'ahtnue',NotAccepted,'5.59081's
20170714-195904.wav,UK,'ow4x',NotAccepted,'5.8609's
20170714-195920.wav,UK,'hapcys',NotAccepted,'5.70115's
20170720-053636.wav,UK,'dvurag',NotAccepted,'5.64136's
20170720-053651.wav,UK,'wwfmu',NotAccepted,'5.91786's
20170720-053707.wav,UK,'thnwr',NotAccepted,'6.59897's
20170720-053723.wav,UK,'mshmnw',NotAccepted,'6.57447's
20170720-053740.wav,UK,'fkyhno',Accepted,'5.53732's
20170720-053755.wav,UK,'fycwac',NotAccepted,'5.83954's
20170720-053811.wav,UK,'erkhdh',NotAccepted,'5.49495's
20170720-053825.wav,UK,'yashx',NotAccepted,'5.94269's
20170720-053841.wav,UK,'dwkyno',Accepted,'5.71037's
20170720-053858.wav,UK,'hwhfhs',Accepted,'5.37633's
20170720-053913.wav,UK,'eptzcs',NotAccepted,'6.17842's
20170720-053929.wav,UK,'xmpees',NotAccepted,'6.10417's
20170720-053944.wav,UK,'vsh4l',NotAccepted,'5.86392's
20170720-054001.wav,UK,'ffxdz',NotAccepted,'5.27412's
20170720-054016.wav,UK,'faeft',NotAccepted,'7.83246's
20170720-054034.wav,UK,'fowhb',NotAccepted,'5.35715's
20170720-054049.wav,UK,'grhmpt',NotAccepted,'5.57222's
20170720-054104.wav,UK,'edfdf',NotAccepted,'5.28284's
20170720-054118.wav,UK,'yvak',NotAccepted,'9.42469's
20170720-054138.wav,UK,'vppfbw',Accepted,'5.53907's
20170720-054152.wav,UK,'gbc',NotAccepted,'5.11119's
20170720-054205.wav,UK,'mhwofc',Accepted,'5.27413's
20170720-054219.wav,UK,'dwkm',NotAccepted,'5.4814's
20170720-054234.wav,UK,'xkt',NotAccepted,'5.92555's
20170720-054249.wav,UK,'qoefvb',Accepted,'5.54587's
20170720-054305.wav,UK,'ozyg',NotAccepted,'5.91234's
20170720-054320.wav,UK,'hsrp',NotAccepted,'6.80551's
20170720-054337.wav,UK,'nnsyrlsl',NotAccepted,'5.73008's
20170720-054353.wav,UK,'mkt',NotAccepted,'5.48821's
20170720-054409.wav,UK,'qgene',NotAccepted,'5.33269's
20170720-054423.wav,UK,'drazps',Accepted,'5.36225's
20170720-054437.wav,UK,'fyfosm',Accepted,'5.43832's
20170720-054451.wav,UK,'hmxfw',NotAccepted,'5.87815's
20170720-054507.wav,UK,'eofcm',NotAccepted,'5.26088's
20170720-054521.wav,UK,'xawf',NotAccepted,'5.24393's
20170720-054536.wav,UK,'fse',NotAccepted,'5.73713's
20170720-054552.wav,UK,'utbysgb',NotAccepted,'5.57603's
20170720-054606.wav,UK,'koapz',NotAccepted,'5.37375's
20170720-054620.wav,UK,'vdhzt',NotAccepted,'5.25069's
20170720-054636.wav,UK,'bhmcrwn',NotAccepted,'5.46855's
20170720-054651.wav,UK,'hbdoh',NotAccepted,'5.22788's
20170720-054705.wav,UK,'hsr',NotAccepted,'5.25181's
20170720-054720.wav,UK,'shtmq',NotAccepted,'7.10857's
20170720-054736.wav,UK,'pbzty',NotAccepted,'5.27813's
20170720-054751.wav,UK,'hpkdfp',Accepted,'5.53035's
20170720-054805.wav,UK,'nxfrrx',NotAccepted,'5.64179's
20170720-054821.wav,UK,'asso',NotAccepted,'5.27116's
20170720-054835.wav,UK,'afucm',NotAccepted,'5.29751's
20170720-054850.wav,UK,'qpmedk',Accepted,'5.72753's
20170720-054907.wav,UK,'dqwyx',NotAccepted,'5.57122's
20170720-054923.wav,UK,'dfhnr',NotAccepted,'6.40061's
20170720-054938.wav,UK,'qpnfuu',Accepted,'5.84742's
20170720-054954.wav,UK,'gqhnc',NotAccepted,'5.4024's
20170720-055009.wav,UK,'hcg',NotAccepted,'5.92072's
20170720-055024.wav,UK,'wgs',NotAccepted,'5.16357's
20170720-055038.wav,UK,'ramh',NotAccepted,'6.22119's
20170720-055053.wav,UK,'afdyr',NotAccepted,'5.28646's
20170720-055107.wav,UK,'dqxs63m',NotAccepted,'5.97541's
20170720-055122.wav,UK,'bupbd',NotAccepted,'5.25676's
20170720-055137.wav,UK,'eprfm',NotAccepted,'5.09446's
20170720-055151.wav,UK,'xyqddt',Accepted,'5.64041's
20170720-055206.wav,UK,'vypvfa',Accepted,'5.68541's
20170720-055221.wav,UK,'yneprn',NotAccepted,'5.30635's
20170720-055236.wav,UK,'ahda',NotAccepted,'5.26976's
20170720-055250.wav,UK,'dtoodlr',NotAccepted,'5.42498's
20170720-055306.wav,UK,'cvxyzp',Accepted,'5.46088's
20170720-055321.wav,UK,'cghn',NotAccepted,'6.92358's
20170720-055336.wav,UK,'btwxfy',NotAccepted,'5.74088's
20170720-055351.wav,UK,'tvyhrr',Accepted,'5.48686's
20170720-055405.wav,UK,'nfrrsk',NotAccepted,'5.23052's
20170721-153403.wav,UK,'bvndef',NotAccepted,'5.65786's
20170721-153418.wav,UK,'zhytff',Accepted,'5.35982's
20170721-153434.wav,UK,'rrkww',NotAccepted,'5.527's
20170721-153449.wav,UK,'o1aatw',NotAccepted,'5.34232's
20170721-153505.wav,UK,'nencca',NotAccepted,'6.67818's
20170721-153521.wav,UK,'pyhgbs',NotAccepted,'5.84254's
20170721-153535.wav,UK,'qhnabk',NotAccepted,'6.11002's
20170721-153551.wav,UK,'wesmnn',Accepted,'5.47767's
20170721-153606.wav,UK,'rnfsgr',Accepted,'7.18236's
20170721-153634.wav,UK,'mdrw',NotAccepted,'7.6575's
20170721-153652.wav,UK,'qavxrw',Accepted,'9.55137's
20170721-153720.wav,UK,'xpshmo',Accepted,'5.9905's
20170721-153734.wav,UK,'mmndoht',NotAccepted,'5.99525's
20170721-153749.wav,UK,'pbku',NotAccepted,'5.25816's
20170721-153804.wav,UK,'qbtrvop',NotAccepted,'6.38093's
20170721-153822.wav,UK,'xbnwzd',NotAccepted,'6.20183's
20170721-153841.wav,UK,'wgrtgwax',NotAccepted,'6.25347's
20170721-153907.wav,UK,'oubbw',NotAccepted,'7.64891's
20170721-153925.wav,UK,'ssyoao',Accepted,'5.44587's
20170721-153939.wav,UK,'zekyf',NotAccepted,'6.37736's
20170721-153955.wav,UK,'mcmnbb',NotAccepted,'5.24648's
20170721-154010.wav,UK,'ttae',NotAccepted,'7.07109's
20170721-154035.wav,UK,'ynmrct',NotAccepted,'19.89092's
20170721-154104.wav,UK,'hwpmbh',NotAccepted,'5.80399's
20170721-154127.wav,UK,'ukbmhy',Accepted,'13.13752's
20170721-154158.wav,UK,'r4aeepb',NotAccepted,'20.47375's
20170721-154228.wav,UK,'pbhvtu',NotAccepted,'6.47305's
20170721-154243.wav,UK,'hjd',NotAccepted,'7.14916's
20170721-154259.wav,UK,'owhh',NotAccepted,'5.31588's
20170721-154313.wav,UK,'ocpwbf',NotAccepted,'5.96408's
20170721-154328.wav,UK,'dvabwm',Accepted,'5.36277's
20170721-154343.wav,UK,'dqgptt',Accepted,'5.57277's
20170721-154358.wav,UK,'ahry',NotAccepted,'5.67461's
20170721-154412.wav,UK,'rxrzdyc',NotAccepted,'5.41203's
20170721-154427.wav,UK,'akkh',NotAccepted,'5.66171's
20170721-154442.wav,UK,'ybafy',NotAccepted,'5.40695's
20170721-154457.wav,UK,'gwmfet',Accepted,'5.45231's
20170721-154511.wav,UK,'bbvtyc',NotAccepted,'5.98016's
20170721-154526.wav,UK,'xkopp',NotAccepted,'6.0761's
20170721-154542.wav,UK,'efcgu',NotAccepted,'5.25622's
20170721-154558.wav,UK,'wcoct',NotAccepted,'5.26237's
20170721-154612.wav,UK,'tnnncp',Accepted,'5.59113's
20170721-154627.wav,UK,'rsede',NotAccepted,'5.50118's
20170721-154641.wav,UK,'ktwad',NotAccepted,'5.159's
20170721-154655.wav,UK,'canwty',Accepted,'5.31394's
20170721-154709.wav,UK,'xffuy',NotAccepted,'5.37948's
20170721-154724.wav,UK,'mhe',NotAccepted,'5.0857's
20170721-154739.wav,UK,'zxaopg',NotAccepted,'5.58059's
20170721-154753.wav,UK,'kmhuu',NotAccepted,'5.74088's
20170721-154809.wav,UK,'bvpg',NotAccepted,'8.79076's
20170721-154828.wav,UK,'hmaww',NotAccepted,'5.36039's
20170721-154842.wav,UK,'xttw',NotAccepted,'6.4084's
20170721-154859.wav,UK,'gtffvt',Accepted,'5.23646's
20170721-154915.wav,UK,'ypoyc',NotAccepted,'5.44722's
20170721-154933.wav,UK,'rorxrol',NotAccepted,'11.27816's
20170721-154953.wav,UK,'ofzsv',NotAccepted,'7.51209's
20170721-155009.wav,UK,'rxtah',NotAccepted,'5.31473's
20170721-155023.wav,UK,'ovzz',NotAccepted,'5.33558's
20170721-155038.wav,UK,'yfuys',NotAccepted,'5.34992's
20170721-155054.wav,UK,'cm4lp',NotAccepted,'7.31882's
20170721-155110.wav,UK,'zchh',NotAccepted,'5.3849's
20170721-155125.wav,UK,'bscmbq',NotAccepted,'6.0207's
20170721-155139.wav,UK,'nyouc',NotAccepted,'5.52042's
20170721-155155.wav,UK,'qdks',NotAccepted,'6.12559's
20170721-155219.wav,UK,'dmst',NotAccepted,'7.55013's
20170721-155236.wav,UK,'hgeutw',NotAccepted,'7.38628's
20170721-155252.wav,UK,'emmlhsl',NotAccepted,'5.26784's
20170721-155307.wav,UK,'xkn',NotAccepted,'5.18011's
20170721-155323.wav,UK,'hgbns',NotAccepted,'5.41558's
20170721-155341.wav,UK,'rmulb',NotAccepted,'10.07815's
20170721-155359.wav,UK,'aanvm',NotAccepted,'5.54307's
20170721-155415.wav,UK,'wgqfny',Accepted,'5.61215's
20170721-155430.wav,UK,'yagtyz',Accepted,'5.28502's
20170721-155446.wav,UK,'edhyz',NotAccepted,'5.47651's
20170721-155502.wav,UK,'puw',NotAccepted,'5.30997's
20170721-155518.wav,UK,'yanyvoh',NotAccepted,'6.23137's
20170721-155532.wav,UK,'wcfvwr',NotAccepted,'5.54939's
20170721-155547.wav,UK,'ohomzb',Accepted,'5.7184's
20170721-155603.wav,UK,'umrahfr',NotAccepted,'5.83903's
20170721-155618.wav,UK,'slpma',NotAccepted,'7.28328's
20170721-155635.wav,UK,'bbkrn',NotAccepted,'5.26795's
20170721-155649.wav,UK,'exgpf',NotAccepted,'7.86358's
20170721-155707.wav,UK,'kvfn9mh',NotAccepted,'5.44399's
20170721-155721.wav,UK,'ychtez',NotAccepted,'5.31027's
20170721-155735.wav,UK,'pwuvk',NotAccepted,'5.50311's
20170721-155750.wav,UK,'fpyvs',NotAccepted,'6.01833's
20170721-155806.wav,UK,'yhzegh',NotAccepted,'6.38569's
20170721-155823.wav,UK,'gnnrpd',NotAccepted,'5.22339's
20170721-155840.wav,UK,'tbqw',NotAccepted,'5.08882's
20170721-155854.wav,UK,'vwcm',NotAccepted,'6.61883's
20170721-155911.wav,UK,'dyotn',NotAccepted,'5.51249's
20170721-155926.wav,UK,'tcboecpd',NotAccepted,'7.14961's
20170721-155943.wav,UK,'yvfgpp',Accepted,'5.43744's
20170721-155959.wav,UK,'vmyne',NotAccepted,'5.40917's
20170721-160015.wav,UK,'ctap',NotAccepted,'6.48761's
20170721-160033.wav,UK,'zn',NotAccepted,'9.0659's
20170721-160052.wav,UK,'cun',NotAccepted,'5.17331's
20170721-160107.wav,UK,'bgec',NotAccepted,'6.10332's
20170721-160128.wav,UK,'mea',NotAccepted,'6.70373's
20170721-160144.wav,UK,'whtfop',Accepted,'5.32062's
20170721-160158.wav,UK,'ddqewr',Accepted,'5.3285's
20170721-160213.wav,UK,'xfoypf',Accepted,'6.75471's
20170721-160229.wav,UK,'dosywp',Accepted,'5.66474's
20170721-160244.wav,UK,'cfdbwt',NotAccepted,'7.05452's
20170721-160301.wav,UK,'bfndzz',Accepted,'5.15792's
20170721-160316.wav,UK,'oegnwo',Accepted,'6.83212's
20170721-160332.wav,UK,'nscfvs',Accepted,'5.48192's
20170721-160346.wav,UK,'ephpfr',Accepted,'6.2452's
20170721-160401.wav,UK,'cwnfzy',Accepted,'5.47006's
20170721-160415.wav,UK,'npgg',NotAccepted,'5.17849's
20170721-160431.wav,UK,'qe',NotAccepted,'8.1532's
20170721-160455.wav,UK,'ret',NotAccepted,'7.87915's
20170721-160513.wav,UK,'prnurhc',NotAccepted,'5.52137's
20170721-160527.wav,UK,'zxnwy',NotAccepted,'6.2036's
20170721-160543.wav,UK,'nfusvh',Accepted,'5.39871's
20170721-160558.wav,UK,'emwmn',NotAccepted,'5.34008's
20170721-160613.wav,UK,'dn4aas',NotAccepted,'6.85068's
20170721-160629.wav,UK,'fmadny',Accepted,'5.40308's
20170721-160645.wav,UK,'pbvawz',Accepted,'5.53051's
20170721-160701.wav,UK,'yhhdwo',Accepted,'5.20599's
20170721-160715.wav,UK,'hdmbdp',Accepted,'5.3954's
20170721-160730.wav,UK,'ykygp3nw',NotAccepted,'5.43629's
20170721-160749.wav,UK,'dmcfdh',NotAccepted,'9.19439's
20170721-160808.wav,UK,'aecae',NotAccepted,'6.46124's
20170721-160823.wav,UK,'vuycbxr',NotAccepted,'5.4472's
20170721-160839.wav,UK,'zbrrof',NotAccepted,'5.30198's
20170721-160852.wav,UK,'ygrzgf',Accepted,'5.5549's
20170721-160907.wav,UK,'sutr',NotAccepted,'5.61008's
20170721-160922.wav,UK,'tfzxsa',Accepted,'6.08933's
20170721-160937.wav,UK,'uyngphv',NotAccepted,'7.58878's
20170721-160954.wav,UK,'ycfcbz',Accepted,'5.38415's
20170721-161007.wav,UK,'beytnb',Accepted,'5.04608's
20170721-161021.wav,UK,'fhyube',Accepted,'5.60859's
20170721-161036.wav,UK,'yapem',NotAccepted,'6.02197's
20170721-161051.wav,UK,'anywma',Accepted,'5.31199's
20170721-161106.wav,UK,'wnrt',NotAccepted,'5.12765's
20170721-161130.wav,UK,'mkdghr',NotAccepted,'8.23183's
20170721-161148.wav,UK,'zzfwtg',NotAccepted,'5.37476's
20170721-161203.wav,UK,'ceslhes',NotAccepted,'6.93239's
20170721-161220.wav,UK,'olgewa',NotAccepted,'5.42529's
20170721-161235.wav,UK,'hmwmc',NotAccepted,'5.32797's
20170721-161251.wav,UK,'vyopwdnw',NotAccepted,'6.73396's
20170721-161307.wav,UK,'fbhmtx',NotAccepted,'5.35687's
20170721-161321.wav,UK,'umghpfb',NotAccepted,'5.65966's
20170721-161336.wav,UK,'kahlmtn',NotAccepted,'5.48183's
20170721-161350.wav,UK,'apuw',NotAccepted,'5.45408's
20170721-161405.wav,UK,'xddbk',NotAccepted,'5.24683's
20170721-161419.wav,UK,'hqkrw',NotAccepted,'5.40383's
20170721-161434.wav,UK,'hhvudh',NotAccepted,'5.62441's
20170721-161449.wav,UK,'umac',NotAccepted,'5.37105's
20170721-161503.wav,UK,'bwcghn',Accepted,'6.54909's
20170721-161519.wav,UK,'obqdg',NotAccepted,'5.12879's
20170721-161533.wav,UK,'thvpf',NotAccepted,'5.86477's
20170721-161549.wav,UK,'rwsace',Accepted,'5.25925's
20170721-161603.wav,UK,'e4lpfr',NotAccepted,'5.51592's
20170721-161619.wav,UK,'wtfmwn',NotAccepted,'5.31899's
20170721-161633.wav,UK,'eohwce',Accepted,'5.23791's
20170721-161648.wav,UK,'wmtt',NotAccepted,'5.44045's
20170721-161702.wav,UK,'zosrmt',Accepted,'5.52139's
20170721-161717.wav,UK,'bgvffa',Accepted,'5.68729's
20170721-161741.wav,UK,'wzar',NotAccepted,'17.05357's
20170721-161807.wav,UK,'hxwvpt',Accepted,'5.5344's
20170721-161830.wav,UK,'rgorug',Accepted,'12.36486's
20170721-161851.wav,UK,'fen30mv',NotAccepted,'6.61035's
20170721-161907.wav,UK,'tfdwvnc',NotAccepted,'5.6315's
20170721-161922.wav,UK,'tmsnoa',NotAccepted,'6.30387's
20170721-161939.wav,UK,'ngxtz',NotAccepted,'7.53464's
20170721-161956.wav,UK,'pdcndr',Accepted,'5.43071's
20170721-162011.wav,UK,'cdehp',NotAccepted,'5.34922's
20170721-162034.wav,UK,'ncatm',NotAccepted,'7.42225's
20170721-162051.wav,UK,'gvfvcg',NotAccepted,'9.17349's
20170721-162110.wav,UK,'wrngr',NotAccepted,'5.41937's
20170721-162125.wav,UK,'htmtb',NotAccepted,'5.17076's
20170721-162140.wav,UK,'scsopy',Accepted,'5.34662's
20170721-162159.wav,UK,'vnamoc',Accepted,'7.14512's
20170721-162217.wav,UK,'xoofnw',NotAccepted,'5.88309's
20170721-162231.wav,UK,'gyowe',NotAccepted,'6.19467's
20170721-162247.wav,UK,'fzhap',NotAccepted,'7.77492's
20170721-162304.wav,UK,'ahtgcb',NotAccepted,'5.36265's
20170721-162318.wav,UK,'gbfgbh',NotAccepted,'5.46977's
20170721-162333.wav,UK,'dnffwie',NotAccepted,'5.27627's
20170721-162348.wav,UK,'sgurho',Accepted,'5.64195's
20170721-162404.wav,UK,'bemyy',NotAccepted,'5.23866's
20170721-162418.wav,UK,'tucbc',NotAccepted,'6.96486's
20170721-162433.wav,UK,'u',NotAccepted,'5.19115's
20170721-162448.wav,UK,'bcwchp',NotAccepted,'6.23923's
20170721-162504.wav,UK,'aswa',NotAccepted,'5.57031's
20170721-162519.wav,UK,'yehho',NotAccepted,'5.53319's
20170721-162535.wav,UK,'rhtf',NotAccepted,'5.13842's
20170721-162548.wav,UK,'hfoqrr',Accepted,'5.74769's
20170721-162603.wav,UK,'trbt',NotAccepted,'5.22687's
20170721-162620.wav,UK,'wvptc',NotAccepted,'6.04973's
20170721-162636.wav,UK,'zhvryk',NotAccepted,'5.31151's
20170721-162650.wav,UK,'hfykra',Accepted,'5.27842's
20170721-162715.wav,UK,'mnthsg',Accepted,'7.58593's
20170721-162732.wav,UK,'feapa',NotAccepted,'5.31857's
20170721-162746.wav,UK,'vfofn',NotAccepted,'5.34066's
20170721-162812.wav,UK,'xnw',NotAccepted,'13.85425's
20170721-162835.wav,UK,'zdmvsu',Accepted,'5.38591's
20170721-162850.wav,UK,'mwnzd',NotAccepted,'5.41534's
20170721-162905.wav,UK,'czabfe',Accepted,'5.43048's
20170721-162921.wav,UK,'ohds',NotAccepted,'6.91578's
20170721-162942.wav,UK,'zxmtg',NotAccepted,'8.27993's
20170721-163001.wav,UK,'fvrht',NotAccepted,'6.7412's
20170721-163019.wav,UK,'gyap',NotAccepted,'6.85189's
20170721-163035.wav,UK,'mforwd',Accepted,'5.24016's
20170721-163049.wav,UK,'ptpers',Accepted,'5.22241's
20170721-163103.wav,UK,'hxf',NotAccepted,'5.5807's
20170721-163118.wav,UK,'uyatsy',Accepted,'5.87882's
20170721-163134.wav,UK,'bcmfb',NotAccepted,'5.85619's
20170721-163148.wav,UK,'vafbbw',Accepted,'5.32656's
20170721-163202.wav,UK,'wgvmamh',NotAccepted,'7.62267's
20170721-163218.wav,UK,'cgvbmcb',NotAccepted,'5.4748's
20170721-163233.wav,UK,'npsuzb',Accepted,'6.08006's
20170721-163249.wav,UK,'hgmpgh',NotAccepted,'5.5449's
20170721-163305.wav,UK,'knduby',NotAccepted,'7.511's
20170721-163322.wav,UK,'xcbtp',NotAccepted,'12.38614's
20170721-163344.wav,UK,'tqremz',NotAccepted,'7.91974's
20170721-163400.wav,UK,'crdgwk',NotAccepted,'5.76049's
20170721-163416.wav,UK,'watbk',NotAccepted,'5.23276's
20170721-163432.wav,UK,'ecdso',NotAccepted,'5.44445's
20170721-163446.wav,UK,'bcntax',Accepted,'5.21157's
20170721-163504.wav,UK,'mlggrlh',NotAccepted,'17.80385's
20170721-163541.wav,UK,'tmbamh',NotAccepted,'13.71614's
20170721-163604.wav,UK,'vcfyr',NotAccepted,'5.15179's
20170721-163619.wav,UK,'fcs',NotAccepted,'5.76825's
20170721-163635.wav,UK,'ushne',NotAccepted,'6.09757's
20170721-163649.wav,UK,'yerotc',NotAccepted,'7.65326's
20170721-163708.wav,UK,'wctx',NotAccepted,'5.11088's
20170721-163723.wav,UK,'ecro',NotAccepted,'5.22755's
20170721-163738.wav,UK,'dwx',NotAccepted,'7.13204's
20170721-163754.wav,UK,'hpterf',NotAccepted,'6.21813's
20170721-163809.wav,UK,'zpyg',NotAccepted,'6.62066's
20170721-163825.wav,UK,'kchyuf',NotAccepted,'6.3744's
20170721-163840.wav,UK,'zmtams',Accepted,'5.28981's
20170721-163855.wav,UK,'uywn4axr',NotAccepted,'5.5249's
20170721-163910.wav,UK,'zoyddp',Accepted,'5.35451's
20170721-163925.wav,UK,'wpokaw',Accepted,'5.91743's
20170721-163940.wav,UK,'xomennw',NotAccepted,'5.25301's
20170721-163956.wav,UK,'zrbxhn',Accepted,'5.30365's
20170721-164010.wav,UK,'wfp',NotAccepted,'5.29657's
20170721-164025.wav,UK,'skgmcy',NotAccepted,'5.40299's
20170721-164040.wav,UK,'usmb',NotAccepted,'5.23603's
20170721-164054.wav,UK,'tzbeh',NotAccepted,'5.18297's
20170721-164108.wav,UK,'kv',NotAccepted,'9.40026's
20170721-164128.wav,UK,'smwnfhrr',NotAccepted,'6.3466's
20170721-164144.wav,UK,'egcb',NotAccepted,'5.09016's
20170721-164158.wav,UK,'rvkr',NotAccepted,'5.74406's
20170721-164213.wav,UK,'ptnbh',NotAccepted,'5.422's
20170721-164229.wav,UK,'utn3zf',NotAccepted,'6.73418's
20170721-164246.wav,UK,'edab',NotAccepted,'5.65765's
20170721-164301.wav,UK,'hqwwzie',NotAccepted,'5.42486's
20170721-164318.wav,UK,'gfsyt',NotAccepted,'5.49332's
20170721-164333.wav,UK,'sbhvr',NotAccepted,'5.64048's
20170721-164349.wav,UK,'qwven4s',NotAccepted,'5.66655's
20170721-164404.wav,UK,'gcht',NotAccepted,'5.66838's
20170721-164420.wav,UK,'sasyy',NotAccepted,'5.28471's
20170721-164434.wav,UK,'xeewku',Accepted,'6.24787's
20170721-164450.wav,UK,'wcdswb',Accepted,'5.20396's
20170721-164504.wav,UK,'ppyfeb',Accepted,'5.30177's
20170721-164519.wav,UK,'pradca',NotAccepted,'5.26722's
20170721-164535.wav,UK,'ccecfb',Accepted,'5.30432's
20170721-164549.wav,UK,'mmhgh',NotAccepted,'5.38884's
20170721-164603.wav,UK,'mremec',Accepted,'5.183's
20170721-164616.wav,UK,'axpoytg',NotAccepted,'5.40546's
20170721-164631.wav,UK,'kntavw',Accepted,'5.31051's
20170721-164645.wav,UK,'pnwhrb',Accepted,'5.50714's
20170721-164701.wav,UK,'wtozak',Accepted,'5.19116's
20170721-164714.wav,UK,'kqpxvp',Accepted,'5.73297's
20170721-164730.wav,UK,'czupfc',NotAccepted,'6.9738's
20170721-164746.wav,UK,'aebcnh',Accepted,'5.08952's
20170721-164800.wav,UK,'bypaonnw',NotAccepted,'5.50158's
20170721-164814.wav,UK,'fot',NotAccepted,'5.31254's
20170721-164829.wav,UK,'sxdcco',NotAccepted,'6.80515's
20170721-164844.wav,UK,'mrudhwc',NotAccepted,'6.24917's
20170721-164900.wav,UK,'ccoms',NotAccepted,'5.4735's
20170721-164915.wav,UK,'snbstw',NotAccepted,'5.72142's
20170721-164929.wav,UK,'uypcsw',NotAccepted,'5.48619's
20170721-164943.wav,UK,'ahtdtm',NotAccepted,'6.88427's
20170721-164959.wav,UK,'xarpp',NotAccepted,'5.19355's
20170721-165012.wav,UK,'kbxgbu',NotAccepted,'6.19334's
20170721-165029.wav,UK,'sndhpsi',NotAccepted,'6.29845's
20170721-165044.wav,UK,'uvracrft',NotAccepted,'7.76403's
20170721-165101.wav,UK,'gaxhaf',Accepted,'5.31833's
20170721-165118.wav,UK,'vkwx',NotAccepted,'5.24362's
20170721-165132.wav,UK,'fs63sofr',NotAccepted,'7.96063's
20170721-165153.wav,UK,'dpat',NotAccepted,'5.11254's
20170721-165208.wav,UK,'haxqfn',Accepted,'5.35811's
20170721-165223.wav,UK,'wsh',NotAccepted,'8.02867's
20170721-165240.wav,UK,'whvbq',NotAccepted,'5.02484's
20170721-165255.wav,UK,'crdtfxr',NotAccepted,'5.9001's
20170721-165311.wav,UK,'xcp',NotAccepted,'8.03967's
20170721-165329.wav,UK,'sctrr',NotAccepted,'5.23806's
20170721-165344.wav,UK,'xrdmk',NotAccepted,'6.45766's
20170721-165359.wav,UK,'dpamc',NotAccepted,'6.97269's
20170721-165415.wav,UK,'ubettg',Accepted,'5.27786's
20170721-165430.wav,UK,'ap',NotAccepted,'8.28313's
20170721-165448.wav,UK,'brros',NotAccepted,'5.68419's
20170721-165502.wav,UK,'wxedh',NotAccepted,'5.20489's
20170721-165517.wav,UK,'gpybw',NotAccepted,'5.25933's
20170721-165531.wav,UK,'ova',NotAccepted,'7.75884's
20170721-165548.wav,UK,'dfvmbxrr',NotAccepted,'5.47319's
20170721-165603.wav,UK,'wugnsq',NotAccepted,'5.79217's
20170721-165618.wav,UK,'vsbtnt',Accepted,'5.42826's
20170721-165632.wav,UK,'qyxhqr',Accepted,'5.48144's
20170721-165647.wav,UK,'rzomm',NotAccepted,'5.17864's
20170721-165703.wav,UK,'tymn',NotAccepted,'6.34464's
20170721-165718.wav,UK,'triet',NotAccepted,'6.77113's
20170721-165734.wav,UK,'mwoatk',Accepted,'7.13694's
20170721-165750.wav,UK,'fosgyh',Accepted,'5.33559's
20170721-165805.wav,UK,'ayxnw',NotAccepted,'5.42583's
20170721-165821.wav,UK,'rsxre',NotAccepted,'5.26928's
20170721-165835.wav,UK,'tzbdyo',Accepted,'5.33496's
20170721-165850.wav,UK,'eahs',NotAccepted,'5.47769's
20170721-165904.wav,UK,'gwp',NotAccepted,'5.36943's
20170721-165919.wav,UK,'dfn',NotAccepted,'5.55074's
20170721-165935.wav,UK,'dey',NotAccepted,'5.08051's
20170721-165949.wav,UK,'nn',NotAccepted,'5.47898's
20170721-170004.wav,UK,'rxw',NotAccepted,'6.90787's
20170721-170021.wav,UK,'ffegvs',NotAccepted,'5.3163's
20170721-170036.wav,UK,'pdswzs',Accepted,'5.84113's
20170721-170052.wav,UK,'efamw',NotAccepted,'5.03335's
20170721-170106.wav,UK,'odwrw',NotAccepted,'5.00387's
20170721-170120.wav,UK,'vfgm',NotAccepted,'5.24977's
20170721-170134.wav,UK,'aebz',NotAccepted,'4.69553's
20170721-170148.wav,UK,'nycb',NotAccepted,'6.17612's
20170721-170204.wav,UK,'snbh',NotAccepted,'4.90912's
20170721-170224.wav,UK,'xhrpc',NotAccepted,'18.93446's
20170721-170252.wav,UK,'bckot',NotAccepted,'4.90665's
20170721-170306.wav,UK,'scbyc',NotAccepted,'6.00089's
20170721-170322.wav,UK,'dbfsd',NotAccepted,'4.94474's
20170721-170341.wav,UK,'ngbkg',NotAccepted,'5.82267's
20170721-170400.wav,UK,'gkydwo',Accepted,'9.4592's
20170721-170423.wav,UK,'unhoo',NotAccepted,'5.3658's
20170721-170438.wav,UK,'ckm',NotAccepted,'5.11305's
20170721-170451.wav,UK,'dkmztp',NotAccepted,'5.39975's
20170721-170507.wav,UK,'eqnlqr',NotAccepted,'5.2684's
20170721-170523.wav,UK,'cwbbmf',NotAccepted,'5.11464's
20170721-170538.wav,UK,'bbsktp',NotAccepted,'4.89519's
20170721-170554.wav,UK,'asyon',NotAccepted,'4.96214's
20170721-170609.wav,UK,'hhor',NotAccepted,'5.08679's
20170721-170623.wav,UK,'zznzp',NotAccepted,'5.14322's
20170721-170638.wav,UK,'ywf',NotAccepted,'5.78183's
20170721-170653.wav,UK,'zmger',NotAccepted,'4.87868's
20170721-170709.wav,UK,'bcnyoh',NotAccepted,'5.45919's
20170721-170724.wav,UK,'tnkhb',NotAccepted,'5.94606's
20170721-170740.wav,UK,'dzftag',Accepted,'5.00604's
20170721-170754.wav,UK,'okrmge',Accepted,'5.25955's
20170721-170808.wav,UK,'von4n',NotAccepted,'5.2818's
20170721-170823.wav,UK,'brfadh',NotAccepted,'5.84511's
20170721-170839.wav,UK,'angvkf',Accepted,'6.56068's
20170721-170856.wav,UK,'bka',NotAccepted,'5.21368's
20170721-170910.wav,UK,'nhhhe',NotAccepted,'5.09863's
20170721-170925.wav,UK,'wukgpr',NotAccepted,'7.02451's
20170721-170941.wav,UK,'stdaxx',Accepted,'5.00646's
20170721-170956.wav,UK,'toddn',NotAccepted,'4.94649's
20170721-171011.wav,UK,'tffdch',Accepted,'5.03041's
20170721-171025.wav,UK,'ecpvko',NotAccepted,'5.1762's
20170721-171048.wav,UK,'crare',NotAccepted,'13.6724's
20170721-171112.wav,UK,'pbwybn',NotAccepted,'5.24558's
20170721-171127.wav,UK,'nabnw',NotAccepted,'4.94139's
20170721-171141.wav,UK,'mhfscu',NotAccepted,'5.28831's
20170721-171155.wav,UK,'rmaahd',Accepted,'5.20176's
20170721-171209.wav,UK,'hmnna',NotAccepted,'5.10065's
20170721-171224.wav,UK,'oanrnh',NotAccepted,'5.27392's
20170721-171239.wav,UK,'kobk',NotAccepted,'5.66865's
20170721-171254.wav,UK,'bgemyb',NotAccepted,'5.1735's
20170721-171308.wav,UK,'gayek',NotAccepted,'4.94325's
20170721-171324.wav,UK,'eynghs',NotAccepted,'5.29658's
20170721-171339.wav,UK,'afxcfm',Accepted,'5.23204's
20170721-171353.wav,UK,'bpvyta',Accepted,'5.26761's
20170721-171407.wav,UK,'mhcbbo',Accepted,'4.95566's
20170721-171421.wav,UK,'pwaevq',Accepted,'5.19194's
20170721-171434.wav,UK,'hcbhnw',NotAccepted,'6.11244's
20170721-171449.wav,UK,'fafm',NotAccepted,'5.28185's
20170721-171503.wav,UK,'awse',NotAccepted,'5.26884's
20170721-171518.wav,UK,'fpe',NotAccepted,'4.88971's
20170721-171532.wav,UK,'qytwtc',Accepted,'4.98125's
20170721-171546.wav,UK,'drgots',Accepted,'5.11997's
20170721-171600.wav,UK,'tzcef',NotAccepted,'4.90823's
20170721-171614.wav,UK,'xckapw',NotAccepted,'5.14501's
20170721-171629.wav,UK,'ysaaoh',Accepted,'4.91975's
20170721-171643.wav,UK,'sezrg',NotAccepted,'5.49584's
20170721-171658.wav,UK,'hwte',NotAccepted,'5.00089's
20170721-171713.wav,UK,'zhcavo',NotAccepted,'5.21126's
20170721-171728.wav,UK,'dyyw',NotAccepted,'4.84028's
20170721-171741.wav,UK,'yrwcvh',Accepted,'5.09476's
20170721-171755.wav,UK,'hkanf',NotAccepted,'5.00855's
20170721-171810.wav,UK,'uoomya',Accepted,'5.07688's
20170721-171824.wav,UK,'xrnhn',NotAccepted,'5.17759's
20170721-171839.wav,UK,'zncdd',NotAccepted,'4.97231's
20170721-171853.wav,UK,'anlf',NotAccepted,'4.87364's
20170721-171907.wav,UK,'tdcrch',Accepted,'5.21082's
20170721-171922.wav,UK,'adry',NotAccepted,'4.96315's
20170721-171937.wav,UK,'dftcc',NotAccepted,'4.91201's
20170721-171951.wav,UK,'boc',NotAccepted,'7.46635's
20170721-172009.wav,UK,'mbgpzw',NotAccepted,'5.03577's
20170721-172023.wav,UK,'opwmfawt',NotAccepted,'5.35942's
20170721-172038.wav,UK,'arfcfn',NotAccepted,'5.363's
20170721-172052.wav,UK,'karaxdr',NotAccepted,'4.95407's
20170721-172107.wav,UK,'ynnsch',Accepted,'5.04559's
20170721-172122.wav,UK,'abrz',NotAccepted,'5.08187's
20170721-172137.wav,UK,'dwvro',NotAccepted,'5.07017's
20170721-172151.wav,UK,'fscdqr',Accepted,'5.07501's
20170721-172205.wav,UK,'gout',NotAccepted,'5.0642's
20170721-172221.wav,UK,'wxcbnn',NotAccepted,'5.22294's
20170721-172235.wav,UK,'dvr',NotAccepted,'5.95603's
20170721-172251.wav,UK,'twoxaz',Accepted,'6.08792's
20170721-172306.wav,UK,'vjmmpnw',NotAccepted,'5.7137's
20170721-172321.wav,UK,'nypn',NotAccepted,'4.85126's
20170721-172334.wav,UK,'kkkowo',NotAccepted,'4.96502's
20170721-172348.wav,UK,'k2bwds',NotAccepted,'4.90706's
20170721-172403.wav,UK,'zrhrn63',NotAccepted,'5.18882's
20170721-172419.wav,UK,'dztzah',Accepted,'5.01546's
20170721-172433.wav,UK,'aych',NotAccepted,'4.96849's
20170721-172449.wav,UK,'bfn',NotAccepted,'5.21831's
20170721-172502.wav,UK,'qrtc',NotAccepted,'5.04052's
20170721-172518.wav,UK,'pnudyn',NotAccepted,'5.25004's
20170721-172533.wav,UK,'rre',NotAccepted,'4.90306's
20170721-172547.wav,UK,'rr',NotAccepted,'4.95082's
20170721-172602.wav,UK,'gneboy',Accepted,'5.37919's
20170721-172616.wav,UK,'seenr',NotAccepted,'5.21384's
20170721-172631.wav,UK,'cmkfcb',NotAccepted,'6.36656's
20170721-172647.wav,UK,'spty',NotAccepted,'5.48273's
20170721-172701.wav,UK,'ont',NotAccepted,'6.41974's
20170721-172718.wav,UK,'phcyce',NotAccepted,'5.52933's
20170721-172732.wav,UK,'bkcpwhl',NotAccepted,'5.51507's
20170721-172748.wav,UK,'sobfgr',Accepted,'5.62001's
20170721-172802.wav,UK,'mtqnba',Accepted,'5.61503's
20170721-172816.wav,UK,'mexsn',NotAccepted,'5.37792's
20170721-172831.wav,UK,'zart',NotAccepted,'5.66026's
20170721-172846.wav,UK,'tghaab',Accepted,'5.52304's
20170721-172901.wav,UK,'vn5onnyb',NotAccepted,'5.41181's
