20170626-035958.wav,US,'dtfmw',NotAccepted,'5.78939's
20170626-040015.wav,US,'phhr',NotAccepted,'5.87996's
20170626-040029.wav,US,'lharb',NotAccepted,'5.63937's
20170626-040045.wav,US,'tf',NotAccepted,'5.354's
20170626-040100.wav,US,'xrcbb',NotAccepted,'5.6859's
20170626-040115.wav,US,'awb',NotAccepted,'5.58564's
20170626-040130.wav,US,'drcb',NotAccepted,'5.12365's
20170626-040146.wav,US,'bpn',NotAccepted,'5.58102's
20170626-040202.wav,US,'kh',NotAccepted,'5.6115's
20170714-175306.wav,US,'sfob',NotAccepted,'5.07013's
20170714-175321.wav,US,'daa',NotAccepted,'6.00509's
20170714-175336.wav,US,'chbgbfu',NotAccepted,'6.37425's
20170714-175351.wav,US,'momed',NotAccepted,'6.46409's
20170714-175406.wav,US,'dhq',NotAccepted,'7.33455's
20170714-175423.wav,US,'wcb',NotAccepted,'6.61606's
20170714-175439.wav,US,'yyn',NotAccepted,'6.09585's
20170714-175455.wav,US,'bbbbb',NotAccepted,'5.09167's
20170714-175509.wav,US,'stlll',NotAccepted,'5.87705's
20170714-175524.wav,US,'sft',NotAccepted,'7.4523's
20170714-175540.wav,US,'xbr',NotAccepted,'5.20994's
20170714-175555.wav,US,'u',NotAccepted,'6.41873's
20170714-175611.wav,US,'cwt',NotAccepted,'8.31363's
20170714-175629.wav,US,'svoctt',Accepted,'6.84309's
20170714-175645.wav,US,'yz',NotAccepted,'6.74103's
20170714-175702.wav,US,'srfhc',NotAccepted,'5.85493's
20170714-175717.wav,US,'csnhnh',Accepted,'6.33592's
20170714-175732.wav,US,'sf',NotAccepted,'6.33192's
20170714-175747.wav,US,'ycmrds',NotAccepted,'5.0094's
20170714-175802.wav,US,'gcu',NotAccepted,'6.76572's
20170714-175818.wav,US,'qgdbu',NotAccepted,'5.34519's
20170714-175833.wav,US,'nyhf',NotAccepted,'6.68143's
20170714-175850.wav,US,'rhl',NotAccepted,'5.09021's
20170714-175906.wav,US,'chene',NotAccepted,'6.14694's
20170714-175920.wav,US,'qhtdt',NotAccepted,'6.25595's
20170714-175936.wav,US,'osbh',NotAccepted,'5.04927's
20170714-175951.wav,US,'tfdy',NotAccepted,'7.61124's
20170714-180008.wav,US,'ffbus',NotAccepted,'5.23425's
20170714-180023.wav,US,'cmce',NotAccepted,'5.09931's
20170714-180038.wav,US,'awtfck',Accepted,'6.57568's
20170714-180053.wav,US,'rr',NotAccepted,'4.92311's
20170714-180106.wav,US,'xyyex',NotAccepted,'7.33599's
20170714-180122.wav,US,'qrr',NotAccepted,'6.66511's
20170714-180138.wav,US,'qln',NotAccepted,'7.52514's
20170714-180154.wav,US,'cpvhhh',NotAccepted,'5.4329's
20170714-180209.wav,US,'chtr',NotAccepted,'5.064's
20170714-180222.wav,US,'cyh',NotAccepted,'5.05332's
20170714-180237.wav,US,'u90svr',NotAccepted,'6.69668's
20170714-180252.wav,US,'cmh',NotAccepted,'5.78042's
20170714-180308.wav,US,'xou',NotAccepted,'7.30339's
20170714-180326.wav,US,'hnyg',NotAccepted,'7.27152's
20170714-180342.wav,US,'qyou',NotAccepted,'6.80267's
20170714-180357.wav,US,'bblhdt',NotAccepted,'5.26917's
20170714-180411.wav,US,'fhftg',NotAccepted,'8.69571's
20170714-180428.wav,US,'yb',NotAccepted,'6.09428's
20170714-180444.wav,US,'ugm',NotAccepted,'6.85128's
20170714-180501.wav,US,'ts',NotAccepted,'6.02533's
20170714-180517.wav,US,'uzeky',NotAccepted,'8.48034's
20170714-180534.wav,US,'adk',NotAccepted,'6.67702's
20170714-180551.wav,US,'nbsv',NotAccepted,'6.00452's
20170714-180605.wav,US,'ygt',NotAccepted,'5.19108's
20170714-180621.wav,US,'aarc',NotAccepted,'5.05381's
20170714-180636.wav,US,'yus',NotAccepted,'5.10004's
20170714-180651.wav,US,'urr',NotAccepted,'6.74004's
20170714-180706.wav,US,'rshr',NotAccepted,'7.07789's
20170714-180724.wav,US,'cftk',NotAccepted,'7.33732's
20170714-180740.wav,US,'swba',NotAccepted,'7.13861's
20170714-180757.wav,US,'etn2',NotAccepted,'5.51986's
20170714-180813.wav,US,'mrdhr',NotAccepted,'6.38018's
20170714-180829.wav,US,'sfhs',NotAccepted,'5.21264's
20170714-180842.wav,US,'urfa',NotAccepted,'7.87735's
20170714-180859.wav,US,'esxzm',NotAccepted,'5.46081's
20170714-180913.wav,US,'yfbd',NotAccepted,'7.10736's
20170714-180930.wav,US,'rr',NotAccepted,'5.13555's
20170714-180944.wav,US,'ud',NotAccepted,'7.77189's
20170714-181001.wav,US,'abhmx',NotAccepted,'5.38248's
20170714-181016.wav,US,'nsh',NotAccepted,'5.239's
20170714-181031.wav,US,'ptcfe',NotAccepted,'6.7572's
20170714-181048.wav,US,'yypk',NotAccepted,'5.51089's
20170714-181103.wav,US,'wdhmvh',NotAccepted,'6.11442's
20170714-181118.wav,US,'bayw',NotAccepted,'5.11991's
20170714-181132.wav,US,'khmn',NotAccepted,'8.10722's
20170714-181149.wav,US,'uyb',NotAccepted,'5.09742's
20170714-181203.wav,US,'hggn',NotAccepted,'6.19776's
20170714-181219.wav,US,'wb',NotAccepted,'5.67461's
20170714-181234.wav,US,'vh',NotAccepted,'6.10137's
20170714-181249.wav,US,'rtury',NotAccepted,'6.41762's
20170714-181305.wav,US,'xph',NotAccepted,'5.15727's
20170714-181320.wav,US,'hhm',NotAccepted,'5.7632's
20170714-181336.wav,US,'cxy',NotAccepted,'5.76693's
20170714-181352.wav,US,'gm',NotAccepted,'6.9328's
20170714-181409.wav,US,'ed',NotAccepted,'5.19222's
20170714-181422.wav,US,'drxbslb',NotAccepted,'6.49498's
20170714-181439.wav,US,'cxtfa',NotAccepted,'7.31056's
20170714-181456.wav,US,'www',NotAccepted,'5.17921's
20170714-181510.wav,US,'dherx',NotAccepted,'5.51632's
20170714-181524.wav,US,'nh',NotAccepted,'6.29622's
20170714-181539.wav,US,'uhaw',NotAccepted,'10.61409's
20170714-181559.wav,US,'cw',NotAccepted,'8.30544's
20170714-181616.wav,US,'cwrmm',NotAccepted,'5.17482's
20170714-181630.wav,US,'ak',NotAccepted,'6.43777's
20170714-181645.wav,US,'cknbh',NotAccepted,'7.35875's
20170714-181703.wav,US,'rbbf',NotAccepted,'6.31555's
20170714-181718.wav,US,'mmtn',NotAccepted,'8.55754's
20170714-181736.wav,US,'whnu',NotAccepted,'5.16476's
20170714-181752.wav,US,'kyztfx',Accepted,'6.8324's
20170714-181807.wav,US,'nw',NotAccepted,'8.46609's
20170714-181824.wav,US,'mftc',NotAccepted,'5.17134's
20170714-181838.wav,US,'vbzll',NotAccepted,'8.50028's
20170714-181857.wav,US,'nxwlff',NotAccepted,'7.10982's
20170714-181913.wav,US,'cxrn',NotAccepted,'6.28189's
20170714-181927.wav,US,'rsv',NotAccepted,'5.37371's
20170714-181942.wav,US,'bct',NotAccepted,'5.02375's
20170714-181957.wav,US,'codstc',NotAccepted,'9.05579's
20170714-182015.wav,US,'qhn',NotAccepted,'7.29056's
20170714-182032.wav,US,'wwuf',NotAccepted,'7.2566's
20170714-182048.wav,US,'nbfd',NotAccepted,'7.80985's
20170714-182105.wav,US,'qybbcb',NotAccepted,'6.67111's
20170714-182122.wav,US,'wwv',NotAccepted,'6.82251's
20170714-182137.wav,US,'nbr',NotAccepted,'5.03173's
20170714-182152.wav,US,'ckb4dyw',NotAccepted,'7.71636's
20170714-182209.wav,US,'smn',NotAccepted,'5.14637's
20170714-182223.wav,US,'rbsh',NotAccepted,'5.21575's
20170714-182237.wav,US,'gew',NotAccepted,'5.03559's
20170714-182252.wav,US,'thet',NotAccepted,'7.11854's
20170714-182309.wav,US,'ppcft',NotAccepted,'7.79268's
20170714-182326.wav,US,'wra',NotAccepted,'7.2064's
20170714-182343.wav,US,'mfw',NotAccepted,'5.28052's
20170714-182359.wav,US,'plpha',NotAccepted,'7.08439's
20170714-182416.wav,US,'dbywf',NotAccepted,'6.78952's
20170714-182431.wav,US,'boyrx',NotAccepted,'8.08141's
20170714-182449.wav,US,'htwmm',NotAccepted,'5.06849's
20170714-182504.wav,US,'nys',NotAccepted,'5.11938's
20170714-182518.wav,US,'tbw',NotAccepted,'9.13928's
20170714-182536.wav,US,'nfzz',NotAccepted,'5.30658's
20170714-182551.wav,US,'zgccg',NotAccepted,'8.97865's
20170714-182609.wav,US,'ybhd',NotAccepted,'5.3309's
20170714-182623.wav,US,'gb4xgn',NotAccepted,'8.22339's
20170714-182640.wav,US,'bky',NotAccepted,'7.75412's
20170714-182658.wav,US,'owby',NotAccepted,'6.6284's
20170714-182713.wav,US,'nweekye',NotAccepted,'7.01004's
20170714-182729.wav,US,'smhb',NotAccepted,'6.08734's
20170714-182744.wav,US,'wt',NotAccepted,'8.79938's
20170714-182803.wav,US,'zs',NotAccepted,'7.1031's
20170714-182819.wav,US,'ar',NotAccepted,'5.74054's
20170714-182833.wav,US,'sxxyk',NotAccepted,'7.88644's
20170714-182850.wav,US,'qgkw',NotAccepted,'5.9843's
20170714-182904.wav,US,'brbd',NotAccepted,'6.96788's
20170714-182921.wav,US,'cpm',NotAccepted,'8.43002's
20170714-182938.wav,US,'wrkdw',NotAccepted,'6.4185's
20170714-182954.wav,US,'mnbrr',NotAccepted,'5.94587's
20170714-183010.wav,US,'a',NotAccepted,'5.04784's
20170714-183024.wav,US,'hhdkkn',Accepted,'6.87337's
20170714-183040.wav,US,'cts',NotAccepted,'5.9357's
20170714-183056.wav,US,'ossv',NotAccepted,'9.04733's
20170714-183114.wav,US,'nckd',NotAccepted,'7.5901's
20170714-183132.wav,US,'rrb4tf',NotAccepted,'8.37177's
20170714-183150.wav,US,'hdty',NotAccepted,'6.70901's
20170714-183207.wav,US,'eww',NotAccepted,'6.34693's
20170714-183222.wav,US,'cet',NotAccepted,'6.60203's
20170714-183237.wav,US,'rrw',NotAccepted,'9.68988's
20170714-183255.wav,US,'affnfa',Accepted,'6.93113's
20170714-183311.wav,US,'ata',NotAccepted,'5.58253's
20170714-183326.wav,US,'bxsm',NotAccepted,'7.38677's
20170714-183342.wav,US,'kcer',NotAccepted,'7.63216's
20170714-183359.wav,US,'yyy',NotAccepted,'7.29875's
20170714-183415.wav,US,'ebar',NotAccepted,'7.33116's
20170714-183431.wav,US,'vqhe',NotAccepted,'6.52384's
20170714-183448.wav,US,'ynh',NotAccepted,'5.11274's
20170714-183502.wav,US,'trrdt',NotAccepted,'8.16302's
20170714-183521.wav,US,'kcrf',NotAccepted,'6.3602's
20170714-183536.wav,US,'qbsohx',NotAccepted,'6.69874's
20170714-183552.wav,US,'amjhrnv',NotAccepted,'5.12718's
20170714-183606.wav,US,'yyycg',NotAccepted,'5.06147's
20170714-183620.wav,US,'tynoty',NotAccepted,'5.98857's
20170714-183636.wav,US,'ua',NotAccepted,'8.47521's
20170714-183653.wav,US,'bkbb',NotAccepted,'5.07431's
20170714-183708.wav,US,'ysyu',NotAccepted,'5.07575's
20170714-183722.wav,US,'mvlk',NotAccepted,'7.16401's
20170714-183738.wav,US,'sbmff',NotAccepted,'7.49197's
20170714-183754.wav,US,'brwt',NotAccepted,'6.27483's
20170714-183811.wav,US,'yb4n',NotAccepted,'8.87191's
20170714-183828.wav,US,'hmcx',NotAccepted,'8.24742's
20170714-183847.wav,US,'mdbmab',Accepted,'5.34416's
20170714-183901.wav,US,'orkda',NotAccepted,'8.05236's
20170714-183919.wav,US,'sn2',NotAccepted,'6.73329's
20170714-183935.wav,US,'nssy',NotAccepted,'6.29985's
20170714-183951.wav,US,'ar',NotAccepted,'5.13375's
20170714-184005.wav,US,'bhdt',NotAccepted,'5.0033's
20170714-184019.wav,US,'yobw',NotAccepted,'6.57822's
20170714-184036.wav,US,'wb',NotAccepted,'5.16054's
20170714-184051.wav,US,'rcc',NotAccepted,'5.40145's
20170714-184106.wav,US,'awd',NotAccepted,'8.02194's
20170714-184124.wav,US,'csmee',NotAccepted,'6.46474's
20170714-184140.wav,US,'wcpod',NotAccepted,'8.24594's
20170714-184159.wav,US,'xppda',NotAccepted,'5.85158's
20170714-184215.wav,US,'yus',NotAccepted,'7.27983's
20170714-184232.wav,US,'cmodpndd',NotAccepted,'7.52882's
20170714-184249.wav,US,'bfn',NotAccepted,'7.59691's
20170714-184305.wav,US,'abzfx',NotAccepted,'8.11102's
20170714-184324.wav,US,'mam',NotAccepted,'5.0251's
20170714-184337.wav,US,'cat',NotAccepted,'9.49857's
20170714-184356.wav,US,'eerrr',NotAccepted,'6.72548's
20170714-184413.wav,US,'rwfl',NotAccepted,'5.68193's
20170714-184429.wav,US,'cxsmn',NotAccepted,'6.35513's
20170714-184444.wav,US,'kacwd',NotAccepted,'7.77078's
20170714-184501.wav,US,'dbxba',NotAccepted,'5.5925's
20170714-184516.wav,US,'sh',NotAccepted,'8.39424's
20170714-184534.wav,US,'eucm',NotAccepted,'6.15087's
20170714-184550.wav,US,'br',NotAccepted,'6.98998's
20170714-184605.wav,US,'udka',NotAccepted,'6.78765's
20170714-184622.wav,US,'foahfw',NotAccepted,'8.15834's
20170714-184640.wav,US,'hyge',NotAccepted,'5.25127's
20170714-184655.wav,US,'vqncw',NotAccepted,'6.93355's
20170714-184712.wav,US,'uwfxa',NotAccepted,'5.83367's
20170714-184728.wav,US,'ss',NotAccepted,'5.69658's
20170714-184742.wav,US,'xe',NotAccepted,'7.84422's
20170714-184759.wav,US,'yfwzak',NotAccepted,'7.2598's
20170714-184816.wav,US,'qdcud',NotAccepted,'6.5586's
20170714-184833.wav,US,'fudn',NotAccepted,'7.83285's
20170714-184849.wav,US,'utfh',NotAccepted,'6.93385's
20170714-184906.wav,US,'ppyuu',NotAccepted,'6.84221's
20170714-184922.wav,US,'crlc',NotAccepted,'5.6832's
20170714-184937.wav,US,'hgk',NotAccepted,'5.21673's
20170714-184951.wav,US,'plse',NotAccepted,'9.20834's
20170714-185010.wav,US,'adrba',NotAccepted,'7.29689's
20170714-185026.wav,US,'fcodbdc',NotAccepted,'7.21458's
20170714-185042.wav,US,'qkzu',NotAccepted,'7.01366's
20170714-185059.wav,US,'fte',NotAccepted,'7.43696's
20170714-185116.wav,US,'absnd',NotAccepted,'6.17641's
20170714-185131.wav,US,'qeazy',NotAccepted,'8.13467's
20170714-185149.wav,US,'xwlt',NotAccepted,'5.53995's
20170714-185203.wav,US,'svdxef',NotAccepted,'5.13656's
20170714-185218.wav,US,'woryhnk',NotAccepted,'7.72392's
20170714-185234.wav,US,'bwsc',NotAccepted,'5.10584's
20170714-185248.wav,US,'awawbc',NotAccepted,'5.51478's
20170714-185302.wav,US,'fmfr',NotAccepted,'8.56903's
20170714-185321.wav,US,'kwhh',NotAccepted,'6.14409's
20170714-185337.wav,US,'umt',NotAccepted,'8.11509's
20170714-185354.wav,US,'rwg',NotAccepted,'5.35018's
20170714-185410.wav,US,'cmkty',NotAccepted,'7.65468's
20170714-185427.wav,US,'rau',NotAccepted,'5.79022's
20170714-185443.wav,US,'sw',NotAccepted,'6.30505's
20170714-185459.wav,US,'cfamb',NotAccepted,'8.23068's
20170714-185517.wav,US,'bmhh',NotAccepted,'7.1187's
20170714-185534.wav,US,'rxnr',NotAccepted,'5.01096's
20170714-185548.wav,US,'bqhh',NotAccepted,'5.25692's
20170714-185604.wav,US,'nfrodp',NotAccepted,'6.85999's
20170714-185620.wav,US,'akd',NotAccepted,'6.87285's
20170714-185635.wav,US,'nw',NotAccepted,'8.75737's
20170714-185654.wav,US,'kkk',NotAccepted,'6.58724's
20170714-185710.wav,US,'thbrfg',NotAccepted,'7.05175's
20170714-185726.wav,US,'gfh',NotAccepted,'5.02899's
20170714-185741.wav,US,'rjn',NotAccepted,'6.31138's
20170714-185756.wav,US,'rmr',NotAccepted,'5.39186's
20170714-185811.wav,US,'ktht',NotAccepted,'6.41195's
20170714-185827.wav,US,'b',NotAccepted,'6.6416's
20170714-185843.wav,US,'sam',NotAccepted,'6.38042's
20170714-185859.wav,US,'xfw',NotAccepted,'6.81272's
20170714-185915.wav,US,'dcbe',NotAccepted,'6.72699's
20170714-185930.wav,US,'sfbb',NotAccepted,'6.29171's
20170714-185945.wav,US,'qohf',NotAccepted,'8.23481's
20170714-190003.wav,US,'fcakdd',NotAccepted,'7.29446's
20170714-190019.wav,US,'ndcwc',NotAccepted,'6.76639's
20170714-190035.wav,US,'uwhf',NotAccepted,'7.3896's
20170714-190053.wav,US,'ucccr',NotAccepted,'6.67563's
20170714-190109.wav,US,'abtuk',NotAccepted,'5.44804's
20170714-190124.wav,US,'cetmh',NotAccepted,'6.83451's
20170714-190141.wav,US,'ryb',NotAccepted,'6.86169's
20170714-190157.wav,US,'bsaumk',Accepted,'7.47513's
20170714-190214.wav,US,'cmcm',NotAccepted,'5.788's
20170714-190230.wav,US,'gwexw',NotAccepted,'5.17181's
20170714-190244.wav,US,'ach',NotAccepted,'9.5641's
20170714-190302.wav,US,'hcd',NotAccepted,'5.19993's
20170714-190317.wav,US,'fomw',NotAccepted,'5.49636's
20170714-190332.wav,US,'kmsea',NotAccepted,'7.32668's
20170714-190350.wav,US,'nnh',NotAccepted,'5.28341's
20170714-190405.wav,US,'bndrd',NotAccepted,'6.26172's
20170714-190421.wav,US,'rafw',NotAccepted,'6.90488's
20170714-190437.wav,US,'qkb',NotAccepted,'7.89723's
20170714-190454.wav,US,'ums',NotAccepted,'6.39018's
20170714-190509.wav,US,'rrh',NotAccepted,'5.13246's
20170714-190524.wav,US,'sxnhe',NotAccepted,'5.83351's
20170714-190540.wav,US,'rkcga',NotAccepted,'7.37397's
20170714-190558.wav,US,'btnohl',NotAccepted,'5.30427's
20170714-190612.wav,US,'rnkab',NotAccepted,'6.44377's
20170714-190628.wav,US,'vbye9',NotAccepted,'7.11566's
20170714-190644.wav,US,'udp',NotAccepted,'7.74588's
20170714-190701.wav,US,'ds',NotAccepted,'6.17736's
20170714-190716.wav,US,'elt',NotAccepted,'5.06146's
20170714-190732.wav,US,'efe',NotAccepted,'6.41466's
20170714-190748.wav,US,'wtf',NotAccepted,'5.21672's
20170714-190803.wav,US,'fo',NotAccepted,'8.87881's
20170714-190821.wav,US,'fawrc',NotAccepted,'5.40552's
20170714-190837.wav,US,'mppbc',NotAccepted,'5.82617's
20170714-190852.wav,US,'ww',NotAccepted,'8.30967's
20170714-190909.wav,US,'wmnnr',NotAccepted,'5.48043's
20170714-190924.wav,US,'hhh',NotAccepted,'5.55541's
20170714-190940.wav,US,'frbn',NotAccepted,'6.4288's
20170714-190956.wav,US,'eb',NotAccepted,'5.01913's
20170714-191010.wav,US,'eeent',NotAccepted,'5.12739's
20170714-191025.wav,US,'vmhadn',NotAccepted,'8.93888's
20170714-191044.wav,US,'uawt',NotAccepted,'8.66496's
20170714-191101.wav,US,'tkesy',NotAccepted,'5.25491's
20170714-191115.wav,US,'xz',NotAccepted,'6.13135's
20170714-191130.wav,US,'xn24mr',NotAccepted,'5.2035's
20170714-191145.wav,US,'dhn',NotAccepted,'8.53655's
20170714-191202.wav,US,'ccn',NotAccepted,'6.35758's
20170714-191219.wav,US,'axd',NotAccepted,'7.72234's
20170714-191236.wav,US,'ncrwb',NotAccepted,'7.00377's
20170714-191252.wav,US,'arx',NotAccepted,'8.77992's
20170714-191310.wav,US,'mrst',NotAccepted,'7.42103's
20170714-191326.wav,US,'rrfef',NotAccepted,'4.99333's
20170714-191341.wav,US,'nr',NotAccepted,'5.10713's
20170714-191356.wav,US,'krshef',NotAccepted,'5.13964's
20170714-191410.wav,US,'px',NotAccepted,'6.74521's
20170714-191427.wav,US,'rhtmh',NotAccepted,'6.0256's
20170714-191442.wav,US,'cod',NotAccepted,'5.06284's
20170714-191457.wav,US,'nhr',NotAccepted,'5.09208's
20170714-191512.wav,US,'bfhn',NotAccepted,'9.89452's
20170714-191531.wav,US,'pyaw',NotAccepted,'5.13877's
20170714-191547.wav,US,'nas',NotAccepted,'7.08122's
20170714-191604.wav,US,'o',NotAccepted,'6.87464's
20170714-191620.wav,US,'scb',NotAccepted,'5.1193's
20170714-191635.wav,US,'sfu',NotAccepted,'8.99035's
20170714-191653.wav,US,'fnh',NotAccepted,'7.16208's
20170714-191710.wav,US,'brw',NotAccepted,'5.00861's
20170714-191724.wav,US,'zorc',NotAccepted,'7.29782's
20170714-191740.wav,US,'rr',NotAccepted,'6.37436's
20170714-191756.wav,US,'vegtwn',NotAccepted,'7.56297's
20170714-191812.wav,US,'rhc',NotAccepted,'5.93733's
20170714-191828.wav,US,'nxneny',NotAccepted,'7.88592's
20170714-191845.wav,US,'abbbcd',NotAccepted,'5.10242's
20170714-191858.wav,US,'whhhth',NotAccepted,'5.08829's
20170714-191912.wav,US,'abct',NotAccepted,'6.70875's
20170714-191928.wav,US,'aubz',NotAccepted,'7.8009's
20170714-191944.wav,US,'yotr',NotAccepted,'7.77584's
20170714-192001.wav,US,'wxhfbw',NotAccepted,'6.77829's
20170714-192017.wav,US,'ktxcb',NotAccepted,'8.63392's
20170714-192035.wav,US,'wbh',NotAccepted,'5.20523's
20170714-192051.wav,US,'zrdq',NotAccepted,'6.20798's
20170714-192107.wav,US,'sv',NotAccepted,'4.96634's
20170714-192121.wav,US,'bfwb',NotAccepted,'5.02801's
20170714-192135.wav,US,'befny',NotAccepted,'5.33326's
20170714-192149.wav,US,'qbh',NotAccepted,'6.9016's
20170714-192207.wav,US,'eu',NotAccepted,'8.5221's
20170714-192224.wav,US,'axrw84',NotAccepted,'6.26892's
20170714-192240.wav,US,'yz',NotAccepted,'5.20584's
20170714-192253.wav,US,'ape',NotAccepted,'5.90476's
20170714-192309.wav,US,'kexro',NotAccepted,'7.6695's
20170714-192326.wav,US,'fw',NotAccepted,'8.48101's
20170714-192343.wav,US,'kldatw',NotAccepted,'7.26907's
20170714-192401.wav,US,'sr',NotAccepted,'6.4246's
20170714-192418.wav,US,'yurb4x',NotAccepted,'8.21929's
20170714-192435.wav,US,'mben',NotAccepted,'6.7436's
20170714-192450.wav,US,'sswkuy',NotAccepted,'6.09699's
20170714-192506.wav,US,'qdn',NotAccepted,'6.20806's
20170714-192522.wav,US,'nra',NotAccepted,'6.76999's
20170714-192539.wav,US,'zu',NotAccepted,'7.15557's
20170714-192556.wav,US,'sfcs',NotAccepted,'8.50985's
20170714-192613.wav,US,'aren',NotAccepted,'8.48642's
20170714-192631.wav,US,'dz',NotAccepted,'8.50759's
20170714-192650.wav,US,'k2bn',NotAccepted,'9.00793's
20170714-192709.wav,US,'wwdhoh',NotAccepted,'5.69696's
20170714-192723.wav,US,'wsvgc',NotAccepted,'8.16981's
20170714-192741.wav,US,'uwfeob',Accepted,'7.80565's
20170714-192757.wav,US,'aw',NotAccepted,'5.09486's
20170714-192811.wav,US,'nbzt',NotAccepted,'6.59708's
20170714-192827.wav,US,'wmlm',NotAccepted,'6.63997's
20170714-192844.wav,US,'btthh',NotAccepted,'5.21879's
20170714-192857.wav,US,'xup',NotAccepted,'10.83095's
20170714-192917.wav,US,'nby',NotAccepted,'5.12803's
20170714-192932.wav,US,'twrrs',NotAccepted,'5.18063's
20170714-192947.wav,US,'dhwkah',NotAccepted,'6.22966's
20170714-193003.wav,US,'rs',NotAccepted,'5.19002's
20170714-193017.wav,US,'ttwf',NotAccepted,'6.67022's
20170714-193034.wav,US,'mqca',NotAccepted,'6.51166's
20170714-193050.wav,US,'ehbe',NotAccepted,'8.4313's
20170714-193108.wav,US,'hu',NotAccepted,'5.66908's
20170714-193123.wav,US,'xy',NotAccepted,'5.15893's
20170714-193137.wav,US,'ewb',NotAccepted,'6.59956's
20170714-193153.wav,US,'qawfr',NotAccepted,'7.20502's
20170714-193209.wav,US,'fmlfr',NotAccepted,'7.59636's
20170714-193227.wav,US,'vt',NotAccepted,'7.29178's
20170714-193244.wav,US,'xunr',NotAccepted,'7.37994's
20170714-193301.wav,US,'nfbopr',NotAccepted,'7.24666's
20170714-193318.wav,US,'nhh',NotAccepted,'5.14115's
20170714-193332.wav,US,'uus',NotAccepted,'7.43756's
20170714-193349.wav,US,'ku',NotAccepted,'8.23619's
20170714-193407.wav,US,'k',NotAccepted,'4.8419's
20170714-193421.wav,US,'vldt',NotAccepted,'9.01096's
20170714-193439.wav,US,'rasab',NotAccepted,'5.41533's
20170714-193455.wav,US,'cmhdcfhh',NotAccepted,'5.34996's
20170714-193509.wav,US,'tubac',NotAccepted,'6.38039's
20170714-193525.wav,US,'px',NotAccepted,'5.04925's
20170714-193539.wav,US,'ccr',NotAccepted,'7.44071's
20170714-193557.wav,US,'ypab',NotAccepted,'8.82105's
20170714-193615.wav,US,'stp',NotAccepted,'6.30315's
20170714-193632.wav,US,'xdkmhw',Accepted,'7.58073's
20170714-193648.wav,US,'whftc',NotAccepted,'7.09879's
20170714-193705.wav,US,'htf',NotAccepted,'5.06141's
20170714-193720.wav,US,'nbm',NotAccepted,'8.03089's
20170714-193737.wav,US,'xpnr',NotAccepted,'6.13297's
20170714-193751.wav,US,'fcb',NotAccepted,'6.90271's
20170714-193808.wav,US,'ppwbn',NotAccepted,'7.09298's
20170714-193825.wav,US,'ccc',NotAccepted,'6.08391's
20170714-193841.wav,US,'fhhpv',NotAccepted,'5.98787's
20170714-193856.wav,US,'odhc',NotAccepted,'8.74041's
20170714-193915.wav,US,'gel4',NotAccepted,'5.12642's
20170714-193929.wav,US,'dnw',NotAccepted,'6.84789's
20170714-193944.wav,US,'q',NotAccepted,'6.01279's
20170714-194000.wav,US,'rm',NotAccepted,'7.77587's
20170714-194018.wav,US,'kot',NotAccepted,'7.80852's
20170714-194034.wav,US,'qtbf',NotAccepted,'6.88071's
20170714-194050.wav,US,'rmfhf',NotAccepted,'6.74434's
20170714-194106.wav,US,'atd',NotAccepted,'8.55222's
20170714-194124.wav,US,'cn1yak',NotAccepted,'6.34153's
20170714-194140.wav,US,'wtt',NotAccepted,'6.86205's
20170714-194155.wav,US,'gt',NotAccepted,'4.99348's
20170714-194209.wav,US,'gfcnc',NotAccepted,'7.00584's
20170714-194224.wav,US,'dht',NotAccepted,'5.99727's
20170714-194240.wav,US,'llcfb',NotAccepted,'6.63869's
20170714-194256.wav,US,'nrcc',NotAccepted,'6.6345's
20170714-194311.wav,US,'vlll',NotAccepted,'5.20824's
20170714-194326.wav,US,'bl',NotAccepted,'8.70327's
20170714-194344.wav,US,'dou',NotAccepted,'7.16624's
20170714-194401.wav,US,'fob',NotAccepted,'7.05315's
20170714-194418.wav,US,'nwkrad',NotAccepted,'7.30814's
20170714-194434.wav,US,'uhyw',NotAccepted,'6.81169's
20170714-194449.wav,US,'fadkk',NotAccepted,'6.06109's
20170714-194505.wav,US,'weer',NotAccepted,'6.24898's
20170714-194520.wav,US,'tpof',NotAccepted,'8.12017's
20170714-194538.wav,US,'bh',NotAccepted,'5.13928's
20170714-194553.wav,US,'rrxy',NotAccepted,'5.14959's
20170714-194608.wav,US,'uadk',NotAccepted,'7.15034's
20170714-194624.wav,US,'sfrw',NotAccepted,'7.54509's
20170714-194642.wav,US,'uup',NotAccepted,'7.21143's
20170714-194658.wav,US,'lbwn',NotAccepted,'6.04418's
20170714-194714.wav,US,'weoh',NotAccepted,'6.81899's
20170714-194731.wav,US,'dha',NotAccepted,'5.88859's
20170714-194746.wav,US,'aeem',NotAccepted,'6.17955's
20170714-194801.wav,US,'enbwft',NotAccepted,'5.46676's
20170714-194815.wav,US,'cd',NotAccepted,'5.11655's
20170714-194831.wav,US,'hmnmu',NotAccepted,'5.94505's
20170714-194846.wav,US,'wpgss',NotAccepted,'7.09958's
20170714-194903.wav,US,'ckngx',NotAccepted,'6.29461's
20170714-194918.wav,US,'aohdwhb',NotAccepted,'7.56863's
20170714-194934.wav,US,'xh1n',NotAccepted,'6.03329's
20170714-194949.wav,US,'xllh',NotAccepted,'5.06816's
20170714-195004.wav,US,'ca',NotAccepted,'6.561's
20170714-195021.wav,US,'uwfs',NotAccepted,'8.36148's
20170714-195038.wav,US,'hfrb',NotAccepted,'7.12547's
20170714-195055.wav,US,'rwba',NotAccepted,'7.29662's
20170714-195112.wav,US,'rt',NotAccepted,'6.80896's
20170714-195129.wav,US,'fgse',NotAccepted,'7.8293's
20170714-195146.wav,US,'et',NotAccepted,'6.25656's
20170714-195201.wav,US,'mb4kyeodp',NotAccepted,'8.44883's
20170714-195218.wav,US,'nr',NotAccepted,'5.10649's
20170714-195233.wav,US,'yn9ge',NotAccepted,'7.39762's
20170714-195249.wav,US,'ck',NotAccepted,'6.15007's
20170714-195304.wav,US,'kfhr',NotAccepted,'6.14234's
20170714-195319.wav,US,'dyyyr',NotAccepted,'7.7048's
20170714-195336.wav,US,'ve',NotAccepted,'8.90562's
20170714-195354.wav,US,'foht',NotAccepted,'8.42243's
20170714-195413.wav,US,'rbnbeu9',NotAccepted,'5.32501's
20170714-195428.wav,US,'cd',NotAccepted,'8.88599's
20170714-195446.wav,US,'effnwo',Accepted,'6.30041's
20170714-195501.wav,US,'hp',NotAccepted,'6.4922's
20170714-195517.wav,US,'vugr',NotAccepted,'6.5596's
20170714-195534.wav,US,'uhhbfte',NotAccepted,'6.45298's
20170714-195550.wav,US,'sasbe',NotAccepted,'5.27516's
20170714-195604.wav,US,'artn',NotAccepted,'5.32's
20170714-195619.wav,US,'wtw',NotAccepted,'5.76561's
20170714-195634.wav,US,'mnf',NotAccepted,'5.07524's
20170714-195648.wav,US,'vttw',NotAccepted,'6.99643's
20170714-195705.wav,US,'ycc',NotAccepted,'7.00481's
20170714-195720.wav,US,'xgwfhn',NotAccepted,'5.56805's
20170714-195736.wav,US,'tcywb',NotAccepted,'4.95512's
20170714-195751.wav,US,'nswb',NotAccepted,'5.26973's
20170714-195805.wav,US,'cfdwh',NotAccepted,'8.15153's
20170714-195822.wav,US,'yth',NotAccepted,'5.03738's
20170714-195836.wav,US,'andt',NotAccepted,'6.50281's
20170714-195853.wav,US,'odney',NotAccepted,'9.56807's
20170714-195913.wav,US,'sxrc',NotAccepted,'5.69632's
20170714-195927.wav,US,'urk',NotAccepted,'6.67467's
20170714-195942.wav,US,'xna',NotAccepted,'7.83509's
20170714-195959.wav,US,'nhh',NotAccepted,'5.07924's
20170714-200014.wav,US,'fdqw',NotAccepted,'7.79751's
20170714-200031.wav,US,'mrnbya',NotAccepted,'5.20028's
20170714-200046.wav,US,'wupbxz',Accepted,'7.11105's
20170714-200103.wav,US,'fss',NotAccepted,'5.11336's
20170714-200117.wav,US,'watm',NotAccepted,'5.08868's
20170714-200131.wav,US,'u1990',NotAccepted,'6.59871's
20170714-200147.wav,US,'cus',NotAccepted,'7.96906's
20170714-200204.wav,US,'dun',NotAccepted,'8.3667's
20170714-200222.wav,US,'dhbb',NotAccepted,'5.04489's
20170714-200235.wav,US,'pcxz',NotAccepted,'6.38385's
20170714-200251.wav,US,'bzze',NotAccepted,'6.31883's
20170714-200307.wav,US,'yrxmc',NotAccepted,'5.29571's
20170714-200322.wav,US,'aan',NotAccepted,'7.03686's
20170714-200338.wav,US,'cxynca',Accepted,'7.5423's
20170714-200355.wav,US,'oom',NotAccepted,'10.66147's
20170714-200416.wav,US,'ern',NotAccepted,'5.21771's
20170714-200431.wav,US,'sbm',NotAccepted,'7.64312's
20170714-200448.wav,US,'bs',NotAccepted,'5.08715's
20170714-200502.wav,US,'s',NotAccepted,'8.11197's
20170714-200519.wav,US,'yer',NotAccepted,'8.81092's
20170714-200537.wav,US,'r',NotAccepted,'8.36826's
20170714-200554.wav,US,'uh',NotAccepted,'6.86882's
20170714-200611.wav,US,'psdh',NotAccepted,'9.6897's
20170720-053827.wav,US,'tu9kb',NotAccepted,'5.73536's
20170720-053843.wav,US,'ryy',NotAccepted,'5.21709's
20170720-053857.wav,US,'ckpcn',NotAccepted,'5.78695's
20170720-053913.wav,US,'ygrrs',NotAccepted,'5.12518's
20170720-053927.wav,US,'uh',NotAccepted,'6.0851's
20170720-053944.wav,US,'sdc',NotAccepted,'5.21819's
20170720-053958.wav,US,'sydsrl',NotAccepted,'5.84374's
20170720-054014.wav,US,'ommpr',NotAccepted,'5.01905's
20170720-054029.wav,US,'rd',NotAccepted,'4.90987's
20170720-054044.wav,US,'yrhrga',NotAccepted,'5.15531's
20170720-054058.wav,US,'mf',NotAccepted,'5.02932's
20170720-054113.wav,US,'kdf',NotAccepted,'6.55692's
20170720-054130.wav,US,'ns',NotAccepted,'5.00539's
20170720-054144.wav,US,'rr',NotAccepted,'5.09899's
20170720-054159.wav,US,'z4h',NotAccepted,'6.4318's
20170720-054215.wav,US,'hhh',NotAccepted,'4.94105's
20170720-054229.wav,US,'fru',NotAccepted,'5.17075's
20170720-054243.wav,US,'vnc',NotAccepted,'5.0199's
20170720-054257.wav,US,'qe',NotAccepted,'4.9826's
20170720-054312.wav,US,'twersm',Accepted,'5.01529's
20170720-054326.wav,US,'rwn',NotAccepted,'4.99788's
20170720-054341.wav,US,'noucc',NotAccepted,'5.23489's
20170720-054355.wav,US,'nrw',NotAccepted,'5.1355's
20170720-054410.wav,US,'dwby',NotAccepted,'6.31849's
20170720-054426.wav,US,'eastf',NotAccepted,'5.10998's
20170720-054440.wav,US,'bkn',NotAccepted,'5.0093's
20170720-054455.wav,US,'rbe',NotAccepted,'5.1572's
20170720-054510.wav,US,'scd',NotAccepted,'5.08812's
20170720-054524.wav,US,'zxncs',NotAccepted,'5.03237's
20170720-054538.wav,US,'sfmv',NotAccepted,'4.93676's
20170720-054551.wav,US,'vhf',NotAccepted,'4.92666's
20170720-054605.wav,US,'hot',NotAccepted,'5.00305's
20170720-054619.wav,US,'pscx',NotAccepted,'5.08135's
20170720-054632.wav,US,'nmeb',NotAccepted,'4.94707's
20170720-054647.wav,US,'elmm',NotAccepted,'5.77777's
20170720-054701.wav,US,'rrh',NotAccepted,'5.18191's
20170720-054716.wav,US,'avwa',NotAccepted,'5.04305's
20170720-054731.wav,US,'fbzevp',NotAccepted,'5.28375's
20170720-054746.wav,US,'whhm',NotAccepted,'4.92481's
20170720-054800.wav,US,'rcyw',NotAccepted,'5.05269's
20170720-054814.wav,US,'zauwx',NotAccepted,'5.36485's
20170720-054830.wav,US,'gc',NotAccepted,'5.18's
20170720-054844.wav,US,'kxa',NotAccepted,'5.00855's
20170720-054859.wav,US,'foypr',NotAccepted,'5.20047's
20170720-054913.wav,US,'nu9htg',NotAccepted,'5.1677's
20170720-054928.wav,US,'dnuh',NotAccepted,'5.09787's
20170720-054943.wav,US,'urnd',NotAccepted,'5.12214's
20170720-054958.wav,US,'cbbcd',NotAccepted,'5.07284's
20170720-055012.wav,US,'den',NotAccepted,'5.04846's
20170720-055027.wav,US,'tnpr',NotAccepted,'5.14219's
20170720-055041.wav,US,'bum',NotAccepted,'5.05174's
20170720-055056.wav,US,'hsh',NotAccepted,'5.05683's
20170720-055109.wav,US,'bbd',NotAccepted,'5.04007's
20170720-055123.wav,US,'aka',NotAccepted,'5.12783's
20170720-055138.wav,US,'fcsn',NotAccepted,'5.12906's
20170720-055153.wav,US,'rdbdk',NotAccepted,'5.07278's
20170720-055208.wav,US,'rw',NotAccepted,'5.02006's
20170720-055223.wav,US,'yxf',NotAccepted,'5.01878's
20170720-055237.wav,US,'utfs',NotAccepted,'5.20928's
20170720-055252.wav,US,'dddd',NotAccepted,'5.07358's
20170720-055307.wav,US,'trccq',NotAccepted,'5.04732's
20170720-055321.wav,US,'zfas',NotAccepted,'5.03166's
20170720-055336.wav,US,'wphnrm',NotAccepted,'5.10043's
20170720-055351.wav,US,'scwsu',NotAccepted,'5.07529's
20170720-055405.wav,US,'yhb',NotAccepted,'4.88778's
20170721-174625.wav,US,'dst',NotAccepted,'5.15647's
20170721-174641.wav,US,'bxr',NotAccepted,'4.89067's
20170721-174655.wav,US,'rdhden',NotAccepted,'4.93795's
20170721-174710.wav,US,'mtb',NotAccepted,'4.90263's
20170721-174724.wav,US,'ded',NotAccepted,'4.85542's
20170721-174738.wav,US,'uuftw',NotAccepted,'4.93947's
20170721-174753.wav,US,'ufe',NotAccepted,'4.81896's
20170721-174808.wav,US,'wrhyyy',Accepted,'4.84942's
20170721-174823.wav,US,'gmmm',NotAccepted,'4.75063's
20170721-174838.wav,US,'hzzwe',NotAccepted,'4.78072's
20170721-174852.wav,US,'ahtkyr',Accepted,'4.84002's
20170721-174906.wav,US,'uk',NotAccepted,'9.17726's
20170721-174925.wav,US,'rudu',NotAccepted,'4.85378's
20170721-174939.wav,US,'ven',NotAccepted,'4.98234's
20170721-174953.wav,US,'eenr',NotAccepted,'4.83304's
20170721-175007.wav,US,'ztt',NotAccepted,'4.94325's
20170721-175021.wav,US,'eutwk',NotAccepted,'4.94793's
20170721-175036.wav,US,'y',NotAccepted,'4.66671's
20170721-175050.wav,US,'ara',NotAccepted,'4.83845's
