captcha20170613_022802.wav,UK,'85vhie',NotAccepted,'4.39456's
captcha20170613_022822.wav,UK,'crbw',NotAccepted,'4.01445's
captcha20170613_022841.wav,UK,'jpm',NotAccepted,'3.88353's
captcha20170613_022901.wav,UK,'wsv',NotAccepted,'3.70277's
captcha20170613_022919.wav,UK,'ch',NotAccepted,'3.63932's
captcha20170613_022939.wav,UK,'gdecy',NotAccepted,'4.25874's
captcha20170613_022958.wav,UK,'8x',NotAccepted,'3.97587's
captcha20170613_023017.wav,UK,'',NotAccepted,'3.34853's
captcha20170613_023037.wav,UK,'hjw',NotAccepted,'3.54303's
captcha20170613_023057.wav,UK,'u',NotAccepted,'3.6207's
captcha20170613_023117.wav,UK,'tsbkwp',NotAccepted,'3.63766's
captcha20170613_023135.wav,UK,'6r5',NotAccepted,'4.25034's
captcha20170613_023155.wav,UK,'t4pa',Accepted,'2.9032's
captcha20170613_023212.wav,UK,'y',NotAccepted,'4.2777's
captcha20170613_023231.wav,UK,'jmcc',NotAccepted,'3.8477's
captcha20170613_023251.wav,UK,'',NotAccepted,'3.51532's
captcha20170613_023309.wav,UK,'ddduw3',NotAccepted,'3.90109's
captcha20170613_023331.wav,UK,'8',NotAccepted,'3.70105's
captcha20170613_023352.wav,UK,'tassa',NotAccepted,'4.08461's
captcha20170613_023410.wav,UK,'vyc8',NotAccepted,'4.68018's
captcha20170613_023431.wav,UK,'xh',NotAccepted,'3.93673's
captcha20170613_023452.wav,UK,'jwcw',NotAccepted,'3.86051's
captcha20170613_023511.wav,UK,'t4t',NotAccepted,'2.92402's
captcha20170613_023529.wav,UK,'hrh',NotAccepted,'4.59499's
captcha20170613_023550.wav,UK,'jx',NotAccepted,'3.48353's
captcha20170613_023609.wav,UK,'va9',NotAccepted,'4.02691's
captcha20170613_023629.wav,UK,'s',NotAccepted,'3.43466's
captcha20170613_023648.wav,UK,'',NotAccepted,'3.99537's
captcha20170613_023708.wav,UK,'wwxds',NotAccepted,'4.25326's
captcha20170613_023730.wav,UK,'',NotAccepted,'3.65774's
captcha20170613_023749.wav,UK,'g3',NotAccepted,'3.73201's
captcha20170613_023807.wav,UK,'wexse',Accepted,'3.88462's
captcha20170613_023827.wav,UK,'4',NotAccepted,'3.90444's
captcha20170613_023845.wav,UK,'48',NotAccepted,'4.06897's
captcha20170613_023906.wav,UK,'x',NotAccepted,'3.9761's
captcha20170613_023928.wav,UK,'x4dc',NotAccepted,'4.30271's
captcha20170613_023947.wav,UK,'ecr',NotAccepted,'4.13154's
captcha20170613_024007.wav,UK,'',NotAccepted,'3.75359's
captcha20170613_024025.wav,UK,'69reh',NotAccepted,'4.16302's
captcha20170613_024045.wav,UK,'mvp',NotAccepted,'4.34214's
captcha20170613_024107.wav,UK,'6w4v',Accepted,'3.77305's
captcha20170613_024128.wav,UK,'',NotAccepted,'3.58999's
captcha20170613_024148.wav,UK,'katex',NotAccepted,'3.85185's
captcha20170613_024209.wav,UK,'kwsv',Accepted,'3.29906's
captcha20170613_024226.wav,UK,'q',NotAccepted,'3.12949's
captcha20170613_024248.wav,UK,'vip',NotAccepted,'4.56902's
captcha20170613_024309.wav,UK,'wit',NotAccepted,'3.34587's
captcha20170613_024328.wav,UK,'ddmhtd',NotAccepted,'4.68108's
captcha20170613_024351.wav,UK,'vwja',NotAccepted,'3.57737's
captcha20170613_024410.wav,UK,'',NotAccepted,'3.42852's
captcha20170613_024429.wav,UK,'acunu',NotAccepted,'4.54915's
captcha20170613_024450.wav,UK,'8',NotAccepted,'3.05873's
captcha20170613_024507.wav,UK,'4',NotAccepted,'3.94858's
captcha20170613_024526.wav,UK,'y',NotAccepted,'3.24848's
captcha20170613_024545.wav,UK,'',NotAccepted,'3.37359's
captcha20170613_024604.wav,UK,'hack',NotAccepted,'4.60914's
captcha20170613_024626.wav,UK,'x4',NotAccepted,'3.85839's
captcha20170613_024645.wav,UK,'uk43',NotAccepted,'3.31565's
captcha20170613_024702.wav,UK,'',NotAccepted,'4.06794's
captcha20170613_024722.wav,UK,'',NotAccepted,'4.75637's
captcha20170613_024742.wav,UK,'wscwkc',Accepted,'4.44503's
captcha20170613_024802.wav,UK,'q4',NotAccepted,'4.03911's
captcha20170613_024821.wav,UK,'privpsy',NotAccepted,'4.30173's
captcha20170613_024839.wav,UK,'desth',NotAccepted,'3.68547's
captcha20170613_024857.wav,UK,'',NotAccepted,'4.18407's
captcha20170613_024917.wav,UK,'v',NotAccepted,'3.53041's
captcha20170613_024936.wav,UK,'v',NotAccepted,'3.17307's
captcha20170613_024954.wav,UK,'worthry',NotAccepted,'3.46934's
captcha20170613_025014.wav,UK,'vjx',NotAccepted,'3.87253's
captcha20170613_025033.wav,UK,'6y',NotAccepted,'3.57124's
captcha20170613_025053.wav,UK,'',NotAccepted,'3.26447's
captcha20170613_025111.wav,UK,'vcty',NotAccepted,'3.75314's
captcha20170613_025131.wav,UK,'jjaverse',NotAccepted,'4.09891's
captcha20170613_025149.wav,UK,'vvvv',NotAccepted,'3.93391's
captcha20170613_025208.wav,UK,'4cad',NotAccepted,'4.94558's
captcha20170613_025228.wav,UK,'pactj',NotAccepted,'3.95232's
captcha20170613_025246.wav,UK,'6',NotAccepted,'3.75801's
captcha20170613_025306.wav,UK,'d59epc',NotAccepted,'4.06917's
captcha20170613_025327.wav,UK,'rp5',NotAccepted,'3.15999's
captcha20170613_025347.wav,UK,'heb3y',Accepted,'3.56417's
captcha20170613_025406.wav,UK,'uv',NotAccepted,'4.09177's
captcha20170613_025424.wav,UK,'vono3',NotAccepted,'4.69703's
captcha20170613_025445.wav,UK,'wrwh',Accepted,'3.37017's
captcha20170613_025504.wav,UK,'bems',NotAccepted,'3.73928's
captcha20170613_025523.wav,UK,'',NotAccepted,'5.35056's
captcha20170613_025544.wav,UK,'uy',NotAccepted,'3.25014's
captcha20170613_025604.wav,UK,'uglyu',NotAccepted,'44.81437's
captcha20170613_025705.wav,UK,'',NotAccepted,'3.00824's
captcha20170620_003533.wav,UK,'curryce',NotAccepted,'3.97397's
captcha20170620_003553.wav,UK,'6',NotAccepted,'3.59698's
captcha20170620_003614.wav,UK,'peytes',NotAccepted,'3.15027's
captcha20170620_003633.wav,UK,'',NotAccepted,'2.77103's
captcha20170620_003651.wav,UK,'',NotAccepted,'4.03901's
captcha20170623_152818.wav,UK,'',NotAccepted,'3.87572's
captcha20170623_152837.wav,UK,'vxk',NotAccepted,'3.7257's
captcha20170623_152855.wav,UK,'xc',NotAccepted,'4.39505's
captcha20170623_152920.wav,UK,'c98',NotAccepted,'3.27225's
captcha20170623_152938.wav,UK,'',NotAccepted,'3.17972's
captcha20170623_152956.wav,UK,'y',NotAccepted,'3.45656's
captcha20170623_153014.wav,UK,'chp',NotAccepted,'3.23901's
captcha20170623_153032.wav,UK,'5yyyyy',NotAccepted,'3.61883's
captcha20170623_153049.wav,UK,'6',NotAccepted,'3.59183's
captcha20170623_153106.wav,UK,'8',NotAccepted,'3.67417's
captcha20170623_153133.wav,UK,'ychy',NotAccepted,'3.18935's
captcha20170623_153152.wav,UK,'thijayy',NotAccepted,'3.29931's
captcha20170623_153208.wav,UK,'bm',NotAccepted,'2.76991's
captcha20170623_153225.wav,UK,'4',NotAccepted,'9.86311's
captcha20170625_220545.wav,UK,'',NotAccepted,'4.56117's
captcha20170626_000801.wav,UK,'yeph',NotAccepted,'4.36135's
captcha20170626_000819.wav,UK,'twswk',NotAccepted,'2.79823's
captcha20170626_000834.wav,UK,'vjws',NotAccepted,'3.17104's
captcha20170626_000852.wav,UK,'j',NotAccepted,'2.49127's
captcha20170626_000908.wav,UK,'',NotAccepted,'2.58084's
captcha20170626_000924.wav,UK,'',NotAccepted,'2.84733's
captcha20170626_000941.wav,UK,'4asku',NotAccepted,'3.02455's
captcha20170626_000957.wav,UK,'9',NotAccepted,'2.26388's
captcha20170626_001012.wav,UK,'xxyxy',NotAccepted,'3.23075's
captcha20170626_001029.wav,UK,'',NotAccepted,'2.61248's
captcha20170626_001045.wav,UK,'8x',NotAccepted,'3.01732's
captcha20170626_001102.wav,UK,'janterv',NotAccepted,'3.41295's
captcha20170626_001120.wav,UK,'6',NotAccepted,'2.15326's
captcha20170626_001136.wav,UK,'4u3',NotAccepted,'2.40682's
captcha20170626_001151.wav,UK,'x',NotAccepted,'2.73851's
captcha20170626_001208.wav,UK,'ccc',NotAccepted,'2.98614's
captcha20170626_001224.wav,UK,'ricex',NotAccepted,'2.48801's
captcha20170626_001241.wav,UK,'bv8',NotAccepted,'2.87966's
captcha20170626_001257.wav,UK,'ceuwe',NotAccepted,'3.62936's
captcha20170626_001315.wav,UK,'jyjy',NotAccepted,'3.30324's
captcha20170626_001332.wav,UK,'vvpy3',NotAccepted,'3.26975's
captcha20170626_001349.wav,UK,'5w4',NotAccepted,'3.11517's
captcha20170626_001405.wav,UK,'6',NotAccepted,'3.76571's
captcha20170626_001424.wav,UK,'ch',NotAccepted,'3.06698's
captcha20170626_001440.wav,UK,'',NotAccepted,'3.08899's
captcha20170626_001457.wav,UK,'wcsth',NotAccepted,'3.2096's
captcha20170626_001514.wav,UK,'tk',NotAccepted,'3.04898's
captcha20170626_001532.wav,UK,'8xy',NotAccepted,'3.09593's
captcha20170626_030852.wav,UK,'35ub',Accepted,'2.53021's
captcha20170626_030908.wav,UK,'aryxk',NotAccepted,'2.74846's
captcha20170626_030924.wav,UK,'ysym',Accepted,'2.30929's
captcha20170626_030942.wav,UK,'cpmc',NotAccepted,'2.28026's
captcha20170626_030959.wav,UK,'y',NotAccepted,'3.22483's
captcha20170626_031016.wav,UK,'34',NotAccepted,'3.01429's
captcha20170626_031034.wav,UK,'',NotAccepted,'2.72552's
captcha20170626_031051.wav,UK,'',NotAccepted,'2.43276's
captcha20170626_031107.wav,UK,'',NotAccepted,'2.79494's
captcha20170626_031125.wav,UK,'jax5',NotAccepted,'2.87022's
captcha20170626_031141.wav,UK,'',NotAccepted,'2.66136's
captcha20170626_031158.wav,UK,'8',NotAccepted,'2.57133's
captcha20170626_031214.wav,UK,'wwt',NotAccepted,'2.37472's
captcha20170626_031230.wav,UK,'wmvcxx',Accepted,'2.86712's
captcha20170626_031248.wav,UK,'v',NotAccepted,'2.53542's
captcha20170626_031305.wav,UK,'j',NotAccepted,'2.22131's
captcha20170626_031322.wav,UK,'edps',NotAccepted,'3.30097's
captcha20170626_031339.wav,UK,'d5ee',NotAccepted,'2.44761's
captcha20170626_031355.wav,UK,'tch3tv',NotAccepted,'3.36426's
captcha20170626_031414.wav,UK,'ccd',NotAccepted,'2.23817's
captcha20170626_031432.wav,UK,'dcak9',NotAccepted,'3.09466's
captcha20170626_031450.wav,UK,'jjey',NotAccepted,'2.43972's
captcha20170626_031507.wav,UK,'33x',NotAccepted,'2.27206's
captcha20170626_031523.wav,UK,'hrh',NotAccepted,'3.02485's
captcha20170626_031540.wav,UK,'5',NotAccepted,'2.486's
captcha20170626_031556.wav,UK,'',NotAccepted,'2.13588's
captcha20170626_031613.wav,UK,'4',NotAccepted,'2.21126's
captcha20170626_031629.wav,UK,'',NotAccepted,'2.72942's
captcha20170626_031646.wav,UK,'9',NotAccepted,'2.92193's
captcha20170626_031702.wav,UK,'py',NotAccepted,'2.46609's
captcha20170626_031719.wav,UK,'',NotAccepted,'2.99024's
captcha20170626_031736.wav,UK,'j',NotAccepted,'2.9939's
captcha20170626_031753.wav,UK,'8t',NotAccepted,'3.33701's
captcha20170626_031809.wav,UK,'h',NotAccepted,'2.7534's
captcha20170626_031825.wav,UK,'dw',NotAccepted,'3.05971's
captcha20170626_031842.wav,UK,'thbrk',NotAccepted,'3.07545's
captcha20170626_031859.wav,UK,'p5',NotAccepted,'2.58276's
captcha20170626_031916.wav,UK,'',NotAccepted,'2.59501's
captcha20170626_031932.wav,UK,'',NotAccepted,'2.61041's
captcha20170626_031948.wav,UK,'bicc',NotAccepted,'3.9263's
captcha20170626_032006.wav,UK,'a',NotAccepted,'2.52388's
captcha20170626_032021.wav,UK,'4',NotAccepted,'2.66439's
captcha20170626_032037.wav,UK,'',NotAccepted,'2.73222's
captcha20170626_032055.wav,UK,'vjwps',NotAccepted,'3.39649's
captcha20170626_032113.wav,UK,'9',NotAccepted,'2.31615's
captcha20170626_032128.wav,UK,'',NotAccepted,'2.30398's
captcha20170626_032145.wav,UK,'',NotAccepted,'2.20887's
captcha20170626_032201.wav,UK,'',NotAccepted,'2.38952's
captcha20170626_032217.wav,UK,'hk',NotAccepted,'2.12371's
captcha20170626_032233.wav,UK,'4',NotAccepted,'2.08875's
captcha20170626_032250.wav,UK,'starix',NotAccepted,'2.68906's
captcha20170626_032306.wav,UK,'vj',NotAccepted,'3.04654's
captcha20170626_032322.wav,UK,'h8x9j',Accepted,'2.75334's
captcha20170626_032337.wav,UK,'689',NotAccepted,'2.39698's
captcha20170626_032353.wav,UK,'tejek',NotAccepted,'2.41276's
captcha20170626_032410.wav,UK,'cemeyer',NotAccepted,'3.33891's
captcha20170626_032428.wav,UK,'x',NotAccepted,'2.80044's
captcha20170626_032444.wav,UK,'4',NotAccepted,'2.61033's
captcha20170626_032502.wav,UK,'cewya',NotAccepted,'2.71634's
captcha20170626_032518.wav,UK,'w5xy',NotAccepted,'3.06281's
captcha20170626_032534.wav,UK,'cex',NotAccepted,'2.36849's
captcha20170626_032553.wav,UK,'j',NotAccepted,'2.43908's
captcha20170626_032609.wav,UK,'3',NotAccepted,'2.43022's
captcha20170626_032625.wav,UK,'uav',NotAccepted,'2.18868's
captcha20170626_032640.wav,UK,'crey',NotAccepted,'2.91873's
captcha20170626_032657.wav,UK,'wvu6',Accepted,'2.47267's
captcha20170626_032713.wav,UK,'ed',NotAccepted,'2.52374's
captcha20170626_032729.wav,UK,'ccww',Accepted,'2.55519's
captcha20170626_032745.wav,UK,'6',NotAccepted,'2.52025's
captcha20170626_032801.wav,UK,'arth',NotAccepted,'2.41399's
captcha20170626_032818.wav,UK,'4cpa',NotAccepted,'3.36147's
captcha20170626_032837.wav,UK,'x9',NotAccepted,'3.42285's
captcha20170626_032855.wav,UK,'g',NotAccepted,'3.03614's
captcha20170626_032914.wav,UK,'',NotAccepted,'2.28762's
captcha20170626_032929.wav,UK,'v',NotAccepted,'2.56301's
captcha20170626_032946.wav,UK,'33',NotAccepted,'3.03985's
captcha20170626_033002.wav,UK,'',NotAccepted,'2.81044's
captcha20170626_033019.wav,UK,'xxvxj',NotAccepted,'2.94499's
captcha20170626_033037.wav,UK,'yjy',NotAccepted,'3.22619's
captcha20170626_033054.wav,UK,'h',NotAccepted,'2.32507's
captcha20170626_033110.wav,UK,'j',NotAccepted,'2.40537's
captcha20170626_033126.wav,UK,'xjjp',NotAccepted,'3.12747's
captcha20170626_033142.wav,UK,'ve',NotAccepted,'2.8161's
captcha20170626_033158.wav,UK,'u',NotAccepted,'2.94059's
captcha20170626_033214.wav,UK,'johnwyd',NotAccepted,'2.81607's
captcha20170626_033231.wav,UK,'drva',NotAccepted,'2.56044's
captcha20170626_033247.wav,UK,'',NotAccepted,'2.7764's
captcha20170626_033304.wav,UK,'pd',NotAccepted,'2.28619's
captcha20170626_033322.wav,UK,'vate',NotAccepted,'2.44275's
captcha20170626_033337.wav,UK,'',NotAccepted,'2.05482's
captcha20170626_033353.wav,UK,'',NotAccepted,'2.40434's
captcha20170626_033410.wav,UK,'ent',NotAccepted,'2.27491's
captcha20170626_033426.wav,UK,'cwy',NotAccepted,'2.62473's
captcha20170626_033443.wav,UK,'',NotAccepted,'1.93643's
captcha20170626_033459.wav,UK,'tyappi',NotAccepted,'3.18114's
captcha20170626_033516.wav,UK,'p',NotAccepted,'2.50702's
captcha20170626_033534.wav,UK,'t',NotAccepted,'3.26298's
captcha20170626_033551.wav,UK,'',NotAccepted,'2.89555's
captcha20170626_033608.wav,UK,'x',NotAccepted,'2.04564's
captcha20170626_033625.wav,UK,'kxkt',NotAccepted,'2.53945's
captcha20170626_033642.wav,UK,'',NotAccepted,'2.83809's
captcha20170626_033700.wav,UK,'jahdsk',NotAccepted,'3.33424's
captcha20170626_033717.wav,UK,'u',NotAccepted,'2.7668's
captcha20170626_033734.wav,UK,'',NotAccepted,'1.94992's
captcha20170626_033753.wav,UK,'crsd',NotAccepted,'3.12841's
captcha20170626_033811.wav,UK,'pj',NotAccepted,'2.39799's
captcha20170626_033827.wav,UK,'y',NotAccepted,'2.72434's
captcha20170626_033845.wav,UK,'6khak',NotAccepted,'2.58381's
captcha20170626_033902.wav,UK,'kyaccm',Accepted,'3.2802's
captcha20170626_033918.wav,UK,'chip',NotAccepted,'2.74103's
captcha20170626_033934.wav,UK,'pes',NotAccepted,'2.35512's
captcha20170626_033950.wav,UK,'c',NotAccepted,'2.45344's
captcha20170626_034006.wav,UK,'hw',NotAccepted,'3.3079's
captcha20170626_034024.wav,UK,'x',NotAccepted,'3.70657's
captcha20170626_034042.wav,UK,'virtu',NotAccepted,'3.35566's
captcha20170626_034100.wav,UK,'spyg',NotAccepted,'2.88078's
captcha20170626_034118.wav,UK,'q',NotAccepted,'2.82284's
captcha20170626_034135.wav,UK,'jjyp',Accepted,'2.3839's
captcha20170626_034151.wav,UK,'yx',NotAccepted,'2.77796's
captcha20170626_034208.wav,UK,'',NotAccepted,'2.48439's
captcha20170626_034225.wav,UK,'ucb',NotAccepted,'2.12263's
captcha20170626_034239.wav,UK,'shexy',NotAccepted,'2.35637's
captcha20170626_034256.wav,UK,'pvknn',NotAccepted,'3.43757's
captcha20170626_034312.wav,UK,'sjk',NotAccepted,'2.73944's
captcha20170626_034330.wav,UK,'ck',NotAccepted,'2.9423's
captcha20170626_034347.wav,UK,'',NotAccepted,'2.95171's
captcha20170626_034404.wav,UK,'3',NotAccepted,'2.4268's
captcha20170626_034422.wav,UK,'ects',NotAccepted,'2.16649's
captcha20170626_034438.wav,UK,'n',NotAccepted,'2.44554's
captcha20170626_034455.wav,UK,'tempy',NotAccepted,'3.08637's
captcha20170626_034512.wav,UK,'',NotAccepted,'2.57947's
captcha20170626_034528.wav,UK,'p',NotAccepted,'3.09593's
captcha20170626_034546.wav,UK,'b6x6',NotAccepted,'2.97208's
captcha20170626_034603.wav,UK,'8r',NotAccepted,'3.12225's
captcha20170626_034619.wav,UK,'8',NotAccepted,'2.41488's
captcha20170626_034637.wav,UK,'janned',NotAccepted,'3.12196's
captcha20170626_034655.wav,UK,'edd',NotAccepted,'2.34765's
captcha20170626_034711.wav,UK,'tbced',Accepted,'3.08619's
captcha20170626_034728.wav,UK,'re',NotAccepted,'3.26926's
captcha20170626_034746.wav,UK,'3x',NotAccepted,'2.22268's
captcha20170626_034802.wav,UK,'uk',NotAccepted,'2.36932's
captcha20170626_034819.wav,UK,'sdta',NotAccepted,'2.67608's
captcha20170626_034835.wav,UK,'yydra',NotAccepted,'3.16419's
captcha20170626_034851.wav,UK,'jmbs',Accepted,'2.19151's
captcha20170626_034908.wav,UK,'dkate3',NotAccepted,'3.27071's
captcha20170626_034926.wav,UK,'cath',NotAccepted,'3.17636's
captcha20170626_034944.wav,UK,'',NotAccepted,'2.3359's
captcha20170626_035003.wav,UK,'chjyrw',NotAccepted,'3.23321's
captcha20170626_035019.wav,UK,'tchaw',NotAccepted,'2.87525's
captcha20170626_035034.wav,UK,'',NotAccepted,'2.45921's
captcha20170626_035050.wav,UK,'ddbme',NotAccepted,'3.17223's
captcha20170626_035107.wav,UK,'',NotAccepted,'3.01896's
captcha20170626_035125.wav,UK,'',NotAccepted,'2.28219's
captcha20170626_035140.wav,UK,'v',NotAccepted,'2.71934's
captcha20170626_035158.wav,UK,'',NotAccepted,'3.18534's
captcha20170626_035214.wav,UK,'jr',NotAccepted,'2.54432's
captcha20170626_035231.wav,UK,'cpyg',NotAccepted,'2.39267's
captcha20170626_035248.wav,UK,'x',NotAccepted,'2.32975's
captcha20170626_035304.wav,UK,'',NotAccepted,'2.53051's
captcha20170626_035321.wav,UK,'r',NotAccepted,'2.34352's
captcha20170626_035339.wav,UK,'v',NotAccepted,'3.0571's
captcha20170626_035356.wav,UK,'ybkb',Accepted,'2.44783's
captcha20170626_035412.wav,UK,'ycuj',NotAccepted,'2.33339's
captcha20170626_035429.wav,UK,'88',NotAccepted,'2.61722's
captcha20170626_035445.wav,UK,'c4',NotAccepted,'2.98136's
captcha20170626_035501.wav,UK,'',NotAccepted,'2.19859's
captcha20170626_035516.wav,UK,'jexd',Accepted,'2.1755's
captcha20170626_035531.wav,UK,'vress',NotAccepted,'2.85001's
captcha20170626_035550.wav,UK,'uc',NotAccepted,'2.48674's
captcha20170626_035605.wav,UK,'ukhten',NotAccepted,'2.68607's
captcha20170626_035623.wav,UK,'vvv',NotAccepted,'2.61957's
captcha20170626_035640.wav,UK,'housei',NotAccepted,'2.17982's
captcha20170626_035655.wav,UK,'3',NotAccepted,'2.37556's
captcha20170626_035714.wav,UK,'uj',NotAccepted,'2.67427's
captcha20170626_035730.wav,UK,'ryzs',NotAccepted,'3.08732's
captcha20170626_035746.wav,UK,'cu3',NotAccepted,'2.43127's
captcha20170626_035801.wav,UK,'vr6',NotAccepted,'2.64134's
captcha20170626_035818.wav,UK,'',NotAccepted,'2.41404's
captcha20170626_035834.wav,UK,'khbjhy',Accepted,'3.13171's
captcha20170626_035851.wav,UK,'e9u',NotAccepted,'2.2032's
captcha20170626_035906.wav,UK,'crkkn',NotAccepted,'3.40343's
captcha20170626_035924.wav,UK,'w6',NotAccepted,'2.14828's
captcha20170626_035939.wav,UK,'4',NotAccepted,'2.343's
captcha20170626_035957.wav,UK,'tys',NotAccepted,'2.38818's
captcha20170626_040013.wav,UK,'8x6y',NotAccepted,'2.46152's
captcha20170626_040029.wav,UK,'xeb',NotAccepted,'3.18476's
captcha20170626_040047.wav,UK,'wvmay',Accepted,'2.53916's
captcha20170626_040104.wav,UK,'svbjrd',Accepted,'3.59527's
captcha20170626_040122.wav,UK,'smj',NotAccepted,'2.49049's
captcha20170626_040138.wav,UK,'pe',NotAccepted,'2.42185's
captcha20170626_040154.wav,UK,'jjc',NotAccepted,'2.74704's
captcha20170626_040211.wav,UK,'8',NotAccepted,'2.85938's
captcha20170626_040228.wav,UK,'cetenja',NotAccepted,'3.20763's
captcha20170626_040244.wav,UK,'johnley',NotAccepted,'3.46472's
captcha20170626_040301.wav,UK,'u',NotAccepted,'3.23832's
captcha20170626_040318.wav,UK,'ay',NotAccepted,'2.45012's
captcha20170626_040333.wav,UK,'ucpj',NotAccepted,'2.99028's
captcha20170626_040350.wav,UK,'858',NotAccepted,'2.86455's
captcha20170626_040406.wav,UK,'6a5',NotAccepted,'3.02413's
captcha20170626_040426.wav,UK,'pyu',NotAccepted,'2.7352's
captcha20170626_040441.wav,UK,'',NotAccepted,'2.66563's
captcha20170626_040458.wav,UK,'ctvdw',NotAccepted,'3.66201's
captcha20170626_040517.wav,UK,'',NotAccepted,'2.56251's
captcha20170626_040533.wav,UK,'h',NotAccepted,'1.86734's
captcha20170626_040548.wav,UK,'jjma',NotAccepted,'2.77128's
captcha20170626_040603.wav,UK,'rckunc',Accepted,'3.17095's
captcha20170626_040621.wav,UK,'uweveu',NotAccepted,'2.71399's
captcha20170626_040639.wav,UK,'kura',NotAccepted,'2.92361's
captcha20170626_040655.wav,UK,'s',NotAccepted,'2.76785's
captcha20170626_040712.wav,UK,'',NotAccepted,'2.11916's
captcha20170626_040728.wav,UK,'jsn',NotAccepted,'2.57537's
captcha20170626_040745.wav,UK,'ttsp',NotAccepted,'2.78753's
captcha20170626_040801.wav,UK,'cwxwry',NotAccepted,'3.14505's
captcha20170626_040819.wav,UK,'',NotAccepted,'2.6686's
captcha20170626_040835.wav,UK,'jr',NotAccepted,'2.00803's
captcha20170626_040850.wav,UK,'mppss',NotAccepted,'2.86109's
captcha20170626_040907.wav,UK,'ckdwd',NotAccepted,'3.03734's
captcha20170626_040924.wav,UK,'8',NotAccepted,'2.75388's
captcha20170626_040942.wav,UK,'',NotAccepted,'2.96184's
captcha20170626_040959.wav,UK,'jdd4',NotAccepted,'3.37343's
captcha20170626_041017.wav,UK,'5',NotAccepted,'2.94118's
captcha20170626_041034.wav,UK,'nmcc',NotAccepted,'2.38592's
captcha20170626_041053.wav,UK,'',NotAccepted,'2.39547's
captcha20170626_041108.wav,UK,'xx',NotAccepted,'2.45974's
captcha20170626_041125.wav,UK,'j5a',NotAccepted,'2.86757's
captcha20170626_041141.wav,UK,'pu4',NotAccepted,'2.55607's
captcha20170626_041158.wav,UK,'rk4',NotAccepted,'2.40998's
captcha20170626_041214.wav,UK,'',NotAccepted,'2.0625's
captcha20170626_041230.wav,UK,'',NotAccepted,'2.6064's
captcha20170626_041246.wav,UK,'specta',NotAccepted,'3.07195's
captcha20170626_041304.wav,UK,'xqtcap',NotAccepted,'2.89304's
captcha20170626_041320.wav,UK,'wtuv',NotAccepted,'2.31086's
captcha20170626_041340.wav,UK,'8wyip',NotAccepted,'2.9659's
captcha20170626_041356.wav,UK,'s58',NotAccepted,'2.5319's
captcha20170626_041412.wav,UK,'we',NotAccepted,'3.63105's
captcha20170626_041431.wav,UK,'usy',NotAccepted,'3.06627's
captcha20170626_041448.wav,UK,'',NotAccepted,'3.02729's
captcha20170626_041505.wav,UK,'66',NotAccepted,'3.12522's
captcha20170626_041521.wav,UK,'ry3',NotAccepted,'3.43565's
captcha20170626_041538.wav,UK,'eztv',NotAccepted,'3.15491's
captcha20170626_041556.wav,UK,'6666s',NotAccepted,'2.63493's
captcha20170626_041612.wav,UK,'',NotAccepted,'2.80387's
captcha20170626_041628.wav,UK,'mppi',NotAccepted,'2.10387's
captcha20170626_041644.wav,UK,'3',NotAccepted,'2.51254's
captcha20170626_041659.wav,UK,'6',NotAccepted,'2.86129's
captcha20170626_041715.wav,UK,'cv',NotAccepted,'2.55655's
captcha20170626_041733.wav,UK,'',NotAccepted,'3.11923's
captcha20170626_041749.wav,UK,'gpjwwh',NotAccepted,'2.85908's
captcha20170626_041806.wav,UK,'r',NotAccepted,'2.7983's
captcha20170626_041822.wav,UK,'c',NotAccepted,'2.52477's
captcha20170626_041838.wav,UK,'w',NotAccepted,'2.76947's
captcha20170626_041857.wav,UK,'',NotAccepted,'2.50484's
captcha20170626_041913.wav,UK,'jjtsb',NotAccepted,'3.00607's
captcha20170626_041930.wav,UK,'c',NotAccepted,'2.17717's
captcha20170626_041946.wav,UK,'w',NotAccepted,'2.58164's
captcha20170714_144955.wav,UK,'6',NotAccepted,'3.0041's
captcha20170714_145014.wav,UK,'crsy',NotAccepted,'3.34719's
captcha20170714_145031.wav,UK,'ymcj',NotAccepted,'3.62696's
captcha20170714_145049.wav,UK,'ed',NotAccepted,'3.00787's
captcha20170714_145107.wav,UK,'bstw',NotAccepted,'3.30301's
captcha20170714_145123.wav,UK,'urrrr',NotAccepted,'2.48795's
captcha20170714_145138.wav,UK,'hwjcw',NotAccepted,'2.97053's
captcha20170714_145156.wav,UK,'',NotAccepted,'3.63946's
captcha20170714_145214.wav,UK,'443',NotAccepted,'3.06443's
captcha20170714_145230.wav,UK,'x3',NotAccepted,'2.8052's
captcha20170714_145246.wav,UK,'pe',NotAccepted,'3.47955's
captcha20170714_152421.wav,UK,'hur',NotAccepted,'3.5442's
captcha20170714_152439.wav,UK,'x4',NotAccepted,'3.14495's
captcha20170714_152456.wav,UK,'',NotAccepted,'3.28102's
captcha20170714_152512.wav,UK,'6',NotAccepted,'2.79584's
captcha20170714_152528.wav,UK,'4xdw',Accepted,'2.41711's
captcha20170714_152544.wav,UK,'',NotAccepted,'3.13183's
captcha20170714_152600.wav,UK,'yv',NotAccepted,'3.05326's
captcha20170714_152618.wav,UK,'rxsx',NotAccepted,'3.28671's
captcha20170714_152634.wav,UK,'',NotAccepted,'2.5098's
captcha20170714_152651.wav,UK,'',NotAccepted,'2.97031's
captcha20170714_152706.wav,UK,'6cwa',NotAccepted,'2.91712's
captcha20170714_152723.wav,UK,'xxx',NotAccepted,'2.68941's
captcha20170714_152740.wav,UK,'pdasap',NotAccepted,'3.11077's
captcha20170714_152756.wav,UK,'',NotAccepted,'2.42963's
captcha20170714_152813.wav,UK,'w',NotAccepted,'3.0114's
captcha20170714_152829.wav,UK,'',NotAccepted,'3.30915's
captcha20170714_152846.wav,UK,'6x8',NotAccepted,'2.78441's
captcha20170714_152903.wav,UK,'',NotAccepted,'3.03037's
captcha20170714_152920.wav,UK,'rcbuj',NotAccepted,'3.1508's
captcha20170714_152936.wav,UK,'scswtd',NotAccepted,'3.39614's
captcha20170714_152954.wav,UK,'',NotAccepted,'2.9203's
captcha20170714_153010.wav,UK,'t',NotAccepted,'2.62478's
captcha20170714_153026.wav,UK,'siep',NotAccepted,'2.69982's
captcha20170714_153043.wav,UK,'npuwer',NotAccepted,'3.59997's
captcha20170714_153100.wav,UK,'a',NotAccepted,'2.86698's
captcha20170714_153117.wav,UK,'8',NotAccepted,'2.5823's
captcha20170714_153134.wav,UK,'',NotAccepted,'3.14492's
captcha20170714_153151.wav,UK,'uyynct',Accepted,'3.04499's
captcha20170714_153208.wav,UK,'uheakh',NotAccepted,'3.55073's
captcha20170714_153226.wav,UK,'',NotAccepted,'3.03431's
captcha20170714_153242.wav,UK,'',NotAccepted,'2.92649's
captcha20170714_153259.wav,UK,'tkur',Accepted,'2.30928's
captcha20170714_153316.wav,UK,'',NotAccepted,'3.02277's
captcha20170714_153332.wav,UK,'jw5',NotAccepted,'2.7344's
captcha20170714_153350.wav,UK,'yahb',Accepted,'2.45536's
captcha20170714_153406.wav,UK,'',NotAccepted,'2.30595's
captcha20170714_153423.wav,UK,'6wk',NotAccepted,'3.18676's
captcha20170714_153441.wav,UK,'jc',NotAccepted,'3.01455's
captcha20170714_153459.wav,UK,'cshvpe',NotAccepted,'3.5001's
captcha20170714_153516.wav,UK,'jssx',NotAccepted,'3.51957's
captcha20170714_153534.wav,UK,'psuut',Accepted,'3.07478's
captcha20170714_153551.wav,UK,'vpv',NotAccepted,'2.27522's
captcha20170714_153606.wav,UK,'',NotAccepted,'3.2691's
captcha20170714_153625.wav,UK,'v',NotAccepted,'3.85118's
captcha20170714_153642.wav,UK,'tj',NotAccepted,'2.71217's
captcha20170714_153658.wav,UK,'tteeves',NotAccepted,'3.58714's
captcha20170714_153718.wav,UK,'8x',NotAccepted,'2.9579's
captcha20170714_153735.wav,UK,'hdjrih',NotAccepted,'3.5028's
captcha20170714_153753.wav,UK,'whaci',NotAccepted,'3.12306's
captcha20170714_153813.wav,UK,'tjmeyp',Accepted,'3.05766's
captcha20170714_153829.wav,UK,'4w',NotAccepted,'3.25043's
captcha20170714_153846.wav,UK,'jb',NotAccepted,'2.85946's
captcha20170714_153903.wav,UK,'jyyj',NotAccepted,'3.50278's
captcha20170714_153921.wav,UK,'tcc9',NotAccepted,'3.4227's
captcha20170714_153939.wav,UK,'wynv',NotAccepted,'2.5365's
captcha20170714_153956.wav,UK,'ssjv',NotAccepted,'2.96649's
captcha20170714_154012.wav,UK,'tevis',NotAccepted,'3.01487's
captcha20170714_154028.wav,UK,'34',NotAccepted,'2.98185's
captcha20170714_154043.wav,UK,'6t9h',NotAccepted,'2.81509's
captcha20170714_154100.wav,UK,'cmmx',NotAccepted,'2.70584's
captcha20170714_154117.wav,UK,'vk',NotAccepted,'3.01011's
captcha20170714_154133.wav,UK,'',NotAccepted,'3.2392's
captcha20170714_154149.wav,UK,'',NotAccepted,'2.90239's
captcha20170714_154205.wav,UK,'cttt',NotAccepted,'2.51714's
captcha20170714_154221.wav,UK,'i',NotAccepted,'2.55903's
captcha20170714_154238.wav,UK,'x',NotAccepted,'2.23755's
captcha20170714_154254.wav,UK,'36x5',NotAccepted,'3.05902's
captcha20170714_154312.wav,UK,'bekad',NotAccepted,'3.03859's
captcha20170714_154329.wav,UK,'yuvydj',NotAccepted,'3.69653's
captcha20170714_154347.wav,UK,'hcre',Accepted,'2.68963's
captcha20170714_154403.wav,UK,'w',NotAccepted,'2.55107's
captcha20170714_154419.wav,UK,'withripd',NotAccepted,'3.1436's
captcha20170714_154437.wav,UK,'',NotAccepted,'3.01226's
captcha20170714_154454.wav,UK,'wdvla',NotAccepted,'3.39028's
captcha20170714_154510.wav,UK,'espect',NotAccepted,'3.37916's
captcha20170714_154527.wav,UK,'99',NotAccepted,'2.11619's
captcha20170714_154543.wav,UK,'c',NotAccepted,'3.07782's
captcha20170714_154600.wav,UK,'uu5',NotAccepted,'3.0555's
captcha20170714_154617.wav,UK,'hb',NotAccepted,'2.57808's
captcha20170714_154632.wav,UK,'5',NotAccepted,'3.11498's
captcha20170714_154651.wav,UK,'qyvaa',NotAccepted,'2.917's
captcha20170714_154707.wav,UK,'8',NotAccepted,'2.55879's
captcha20170714_154724.wav,UK,'wn',NotAccepted,'2.86033's
captcha20170714_154739.wav,UK,'',NotAccepted,'3.35362's
captcha20170714_154757.wav,UK,'p',NotAccepted,'2.90309's
captcha20170714_154813.wav,UK,'jk',NotAccepted,'2.61624's
captcha20170714_154831.wav,UK,'5',NotAccepted,'3.15633's
captcha20170714_154849.wav,UK,'hpeya',NotAccepted,'2.91495's
captcha20170714_154905.wav,UK,'4',NotAccepted,'3.05288's
captcha20170714_154922.wav,UK,'3s',NotAccepted,'2.52168's
captcha20170714_154940.wav,UK,'j4',NotAccepted,'2.69354's
captcha20170714_154956.wav,UK,'',NotAccepted,'3.80408's
captcha20170714_155013.wav,UK,'vjvc6',NotAccepted,'2.90585's
captcha20170714_155030.wav,UK,'',NotAccepted,'2.9151's
captcha20170714_155048.wav,UK,'',NotAccepted,'2.50478's
captcha20170714_155105.wav,UK,'th6j',NotAccepted,'2.72211's
captcha20170714_155121.wav,UK,'j',NotAccepted,'2.629's
captcha20170714_155137.wav,UK,'vbjh',NotAccepted,'2.5815's
captcha20170714_155152.wav,UK,'jjrt',NotAccepted,'3.31587's
captcha20170714_155209.wav,UK,'jusv',NotAccepted,'3.48674's
captcha20170714_155225.wav,UK,'c',NotAccepted,'3.09479's
captcha20170714_155242.wav,UK,'x9',NotAccepted,'2.7447's
captcha20170714_155258.wav,UK,'',NotAccepted,'2.44811's
captcha20170714_155313.wav,UK,'',NotAccepted,'2.33599's
captcha20170714_155329.wav,UK,'r',NotAccepted,'3.16017's
captcha20170714_155347.wav,UK,'ramjxv',Accepted,'3.43113's
captcha20170714_155404.wav,UK,'pdg',NotAccepted,'2.75107's
captcha20170714_155421.wav,UK,'',NotAccepted,'2.90808's
captcha20170714_155438.wav,UK,'hbcrac',NotAccepted,'3.34046's
captcha20170714_155456.wav,UK,'jt',NotAccepted,'2.96302's
captcha20170714_155513.wav,UK,'cex44',NotAccepted,'2.76949's
captcha20170714_155530.wav,UK,'p',NotAccepted,'2.9187's
captcha20170714_155547.wav,UK,'urrywc',NotAccepted,'2.93117's
captcha20170714_155604.wav,UK,'',NotAccepted,'3.34936's
captcha20170714_155621.wav,UK,'vtcss',NotAccepted,'3.32321's
captcha20170714_155639.wav,UK,'umj',NotAccepted,'3.42215's
captcha20170714_155657.wav,UK,'6jk',NotAccepted,'3.06551's
captcha20170714_155714.wav,UK,'8',NotAccepted,'2.57612's
captcha20170714_155731.wav,UK,'h',NotAccepted,'3.76674's
captcha20170714_155750.wav,UK,'vwr',NotAccepted,'2.5566's
captcha20170714_155805.wav,UK,'cb',NotAccepted,'2.74898's
captcha20170714_155822.wav,UK,'rxhx',NotAccepted,'2.7175's
captcha20170714_155838.wav,UK,'djlx',NotAccepted,'3.03127's
captcha20170714_155856.wav,UK,'jhph',NotAccepted,'3.3336's
captcha20170714_155913.wav,UK,'revie',NotAccepted,'2.73266's
captcha20170714_155930.wav,UK,'',NotAccepted,'2.62507's
captcha20170714_155947.wav,UK,'',NotAccepted,'2.54224's
captcha20170714_160003.wav,UK,'',NotAccepted,'3.12686's
captcha20170714_160020.wav,UK,'c',NotAccepted,'2.34165's
captcha20170714_160037.wav,UK,'',NotAccepted,'2.09645's
captcha20170714_160052.wav,UK,'',NotAccepted,'2.5734's
captcha20170714_160107.wav,UK,'',NotAccepted,'2.9338's
captcha20170714_160124.wav,UK,'6p',NotAccepted,'2.99478's
captcha20170714_160142.wav,UK,'hugh',NotAccepted,'3.01445's
captcha20170714_160158.wav,UK,'d4',NotAccepted,'2.5832's
captcha20170714_160215.wav,UK,'5j',NotAccepted,'3.10504's
captcha20170714_160233.wav,UK,'jwww',NotAccepted,'3.18301's
captcha20170714_160251.wav,UK,'yp',NotAccepted,'2.64928's
captcha20170714_160307.wav,UK,'acs4w',Accepted,'2.98322's
captcha20170714_160325.wav,UK,'v',NotAccepted,'2.23461's
captcha20170714_160341.wav,UK,'byyyy',NotAccepted,'2.70898's
captcha20170714_160358.wav,UK,'tcadw',NotAccepted,'3.67072's
captcha20170714_160414.wav,UK,'chyst',NotAccepted,'3.00753's
captcha20170714_160430.wav,UK,'y',NotAccepted,'2.95955's
captcha20170714_160449.wav,UK,'6',NotAccepted,'2.77456's
captcha20170714_160506.wav,UK,'jakandyya',NotAccepted,'3.04711's
captcha20170714_160522.wav,UK,'',NotAccepted,'2.29819's
captcha20170714_160539.wav,UK,'et',NotAccepted,'2.84216's
captcha20170714_160556.wav,UK,'tept',Accepted,'2.21323's
captcha20170714_160612.wav,UK,'ctch',NotAccepted,'2.8898's
captcha20170714_160628.wav,UK,'',NotAccepted,'2.91021's
captcha20170714_160646.wav,UK,'redb',NotAccepted,'2.72551's
captcha20170714_160703.wav,UK,'',NotAccepted,'3.22643's
captcha20170714_160720.wav,UK,'6',NotAccepted,'2.26738's
captcha20170714_160737.wav,UK,'vbhtks',NotAccepted,'3.38125's
captcha20170714_160755.wav,UK,'',NotAccepted,'2.37096's
captcha20170714_160810.wav,UK,'',NotAccepted,'2.74292's
captcha20170714_160827.wav,UK,'upek',Accepted,'2.43025's
captcha20170714_160844.wav,UK,'',NotAccepted,'2.99373's
captcha20170714_160901.wav,UK,'yyyga',NotAccepted,'3.0436's
captcha20170714_160917.wav,UK,'',NotAccepted,'4.6477's
captcha20170714_160936.wav,UK,'',NotAccepted,'2.64711's
captcha20170714_160952.wav,UK,'y',NotAccepted,'2.25982's
captcha20170714_161008.wav,UK,'wpdh',Accepted,'2.82144's
captcha20170714_161024.wav,UK,'r',NotAccepted,'2.28923's
captcha20170714_161040.wav,UK,'ja',NotAccepted,'2.45121's
captcha20170714_161057.wav,UK,'ce',NotAccepted,'2.50698's
captcha20170714_161113.wav,UK,'y',NotAccepted,'2.51148's
captcha20170714_161129.wav,UK,'htva',NotAccepted,'2.57976's
captcha20170714_161145.wav,UK,'y',NotAccepted,'2.21859's
captcha20170714_161201.wav,UK,'rfc',NotAccepted,'2.63535's
captcha20170714_161219.wav,UK,'',NotAccepted,'2.22042's
captcha20170714_161235.wav,UK,'u',NotAccepted,'2.93742's
captcha20170714_161252.wav,UK,'',NotAccepted,'2.51225's
captcha20170714_161310.wav,UK,'vps9',NotAccepted,'2.90281's
captcha20170714_161327.wav,UK,'x',NotAccepted,'2.42985's
captcha20170714_161345.wav,UK,'',NotAccepted,'2.70463's
captcha20170714_161402.wav,UK,'smkj6',NotAccepted,'3.51488's
captcha20170714_161420.wav,UK,'8',NotAccepted,'2.79116's
captcha20170714_161436.wav,UK,'uy',NotAccepted,'3.28217's
captcha20170714_161452.wav,UK,'xenbs',Accepted,'2.74778's
captcha20170714_161508.wav,UK,'k5w',NotAccepted,'3.02813's
captcha20170714_161524.wav,UK,'',NotAccepted,'2.33365's
captcha20170714_161539.wav,UK,'yj5',NotAccepted,'3.34921's
captcha20170714_161558.wav,UK,'vwdbv',NotAccepted,'3.07671's
captcha20170714_161615.wav,UK,'ce',NotAccepted,'2.95579's
captcha20170714_161631.wav,UK,'',NotAccepted,'3.58567's
captcha20170714_161649.wav,UK,'',NotAccepted,'3.01827's
captcha20170714_161706.wav,UK,'wpj',NotAccepted,'3.31061's
captcha20170714_161723.wav,UK,'dj4',NotAccepted,'2.37133's
captcha20170714_161740.wav,UK,'usjsn',Accepted,'2.74299's
captcha20170714_161755.wav,UK,'',NotAccepted,'2.96676's
captcha20170714_161811.wav,UK,'yu',NotAccepted,'2.83607's
captcha20170714_161828.wav,UK,'tjkey',NotAccepted,'2.61105's
captcha20170714_161845.wav,UK,'dsmy3',NotAccepted,'3.31248's
captcha20170714_161905.wav,UK,'8cey',NotAccepted,'3.10368's
captcha20170714_161920.wav,UK,'6',NotAccepted,'2.85226's
captcha20170714_161937.wav,UK,'',NotAccepted,'2.129's
captcha20170714_161953.wav,UK,'',NotAccepted,'3.16785's
captcha20170714_162012.wav,UK,'6eb',NotAccepted,'2.65273's
captcha20170714_162029.wav,UK,'6x',NotAccepted,'2.6106's
captcha20170714_162047.wav,UK,'3',NotAccepted,'2.75784's
captcha20170714_162102.wav,UK,'sands',NotAccepted,'3.16734's
captcha20170714_162120.wav,UK,'',NotAccepted,'2.87189's
captcha20170714_162136.wav,UK,'dutubb',NotAccepted,'3.22716's
captcha20170714_162154.wav,UK,'rdje',NotAccepted,'3.15979's
captcha20170714_162211.wav,UK,'uabt',Accepted,'2.6282's
captcha20170714_162227.wav,UK,'cmsst',NotAccepted,'2.75445's
captcha20170714_162244.wav,UK,'rtdy',Accepted,'2.47636's
captcha20170714_162300.wav,UK,'bcens',NotAccepted,'3.29196's
captcha20170714_162319.wav,UK,'yncs',NotAccepted,'2.68096's
captcha20170714_162336.wav,UK,'eydv',NotAccepted,'2.73572's
captcha20170714_162352.wav,UK,'4djmja',NotAccepted,'3.10454's
captcha20170714_162412.wav,UK,'kru',NotAccepted,'2.93796's
captcha20170714_162430.wav,UK,'car',NotAccepted,'2.47964's
captcha20170714_162446.wav,UK,'',NotAccepted,'2.33237's
captcha20170714_162502.wav,UK,'jhch5',NotAccepted,'4.32892's
captcha20170714_162519.wav,UK,'yp5q',NotAccepted,'2.60242's
captcha20170714_162536.wav,UK,'jps',NotAccepted,'2.58728's
captcha20170714_162553.wav,UK,'',NotAccepted,'3.60677's
captcha20170714_162610.wav,UK,'55',NotAccepted,'3.00562's
captcha20170714_162627.wav,UK,'jpcit',NotAccepted,'3.56924's
captcha20170714_162644.wav,UK,'',NotAccepted,'2.47099's
captcha20170714_162700.wav,UK,'hpaav',Accepted,'3.05157's
captcha20170714_162717.wav,UK,'k',NotAccepted,'2.92024's
captcha20170714_162733.wav,UK,'peteddjayex',NotAccepted,'3.71511's
captcha20170714_162751.wav,UK,'3x4',NotAccepted,'2.77191's
captcha20170714_162806.wav,UK,'shm',NotAccepted,'2.70617's
captcha20170714_162823.wav,UK,'x',NotAccepted,'2.4935's
captcha20170714_162841.wav,UK,'95dhea',NotAccepted,'3.54962's
captcha20170714_162857.wav,UK,'8',NotAccepted,'2.56956's
captcha20170714_162914.wav,UK,'chdwx',Accepted,'3.09946's
captcha20170714_162930.wav,UK,'kch',NotAccepted,'3.27493's
captcha20170714_162948.wav,UK,'',NotAccepted,'3.05233's
captcha20170714_163004.wav,UK,'jc',NotAccepted,'2.60373's
captcha20170714_163020.wav,UK,'srcs',NotAccepted,'2.55776's
captcha20170714_163036.wav,UK,'',NotAccepted,'3.25217's
captcha20170714_163053.wav,UK,'68',NotAccepted,'3.25666's
captcha20170714_163109.wav,UK,'dpy33s',Accepted,'3.63812's
captcha20170714_163125.wav,UK,'ymcctt',NotAccepted,'3.57003's
captcha20170714_163142.wav,UK,'',NotAccepted,'2.69708's
captcha20170714_163158.wav,UK,'',NotAccepted,'2.48489's
captcha20170714_163215.wav,UK,'xexc',NotAccepted,'2.90719's
captcha20170714_163232.wav,UK,'mmykj',NotAccepted,'3.08794's
captcha20170714_163248.wav,UK,'',NotAccepted,'2.13032's
captcha20170714_163304.wav,UK,'',NotAccepted,'2.15125's
captcha20170714_163320.wav,UK,'',NotAccepted,'2.21014's
captcha20170714_163338.wav,UK,'k',NotAccepted,'3.49212's
captcha20170714_163357.wav,UK,'',NotAccepted,'2.83485's
captcha20170714_163413.wav,UK,'sah',NotAccepted,'2.70201's
captcha20170714_163432.wav,UK,'ajm',NotAccepted,'3.14652's
captcha20170714_163448.wav,UK,'q',NotAccepted,'2.84287's
captcha20170714_163505.wav,UK,'',NotAccepted,'3.24501's
captcha20170714_163521.wav,UK,'r4aar',Accepted,'3.03793's
captcha20170714_163538.wav,UK,'ues',NotAccepted,'2.68432's
captcha20170714_163555.wav,UK,'rcwty',NotAccepted,'3.31868's
captcha20170714_163612.wav,UK,'cuv',NotAccepted,'3.4485's
captcha20170714_163630.wav,UK,'bus5',NotAccepted,'2.87748's
captcha20170714_163648.wav,UK,'4',NotAccepted,'2.25161's
captcha20170714_163705.wav,UK,'tkcy',NotAccepted,'3.6231's
captcha20170714_163725.wav,UK,'whjay',NotAccepted,'3.44129's
captcha20170714_163741.wav,UK,'uv8',NotAccepted,'4.07146's
captcha20170714_163759.wav,UK,'6',NotAccepted,'2.80399's
captcha20170714_163815.wav,UK,'',NotAccepted,'2.38432's
captcha20170714_163832.wav,UK,'wbj',NotAccepted,'4.14324's
captcha20170714_163850.wav,UK,'',NotAccepted,'3.24858's
captcha20170714_163909.wav,UK,'45',NotAccepted,'2.74785's
captcha20170714_163927.wav,UK,'6',NotAccepted,'2.62211's
captcha20170714_163943.wav,UK,'tcis',NotAccepted,'3.35706's
captcha20170714_164000.wav,UK,'9',NotAccepted,'2.84425's
captcha20170714_164017.wav,UK,'3',NotAccepted,'2.31441's
captcha20170714_164033.wav,UK,'',NotAccepted,'2.49845's
captcha20170714_164048.wav,UK,'usa',NotAccepted,'2.75226's
captcha20170714_164106.wav,UK,'3xc49',Accepted,'2.58502's
captcha20170714_164124.wav,UK,'8c',NotAccepted,'2.90096's
captcha20170714_164142.wav,UK,'',NotAccepted,'3.21739's
captcha20170714_164158.wav,UK,'wrjsju',NotAccepted,'3.14763's
captcha20170714_164217.wav,UK,'',NotAccepted,'2.34226's
captcha20170714_164234.wav,UK,'',NotAccepted,'3.03136's
captcha20170714_164251.wav,UK,'',NotAccepted,'2.97426's
captcha20170714_164307.wav,UK,'rayd',NotAccepted,'2.53647's
captcha20170714_164327.wav,UK,'6thorn',NotAccepted,'3.84886's
captcha20170714_164344.wav,UK,'tcvvne',NotAccepted,'4.19891's
captcha20170714_164403.wav,UK,'wyx',NotAccepted,'2.94524's
captcha20170714_164421.wav,UK,'tjjkk',NotAccepted,'2.85704's
captcha20170714_164439.wav,UK,'pufc',NotAccepted,'2.77989's
captcha20170714_164455.wav,UK,'cu6',NotAccepted,'3.06604's
captcha20170714_164512.wav,UK,'veyed',NotAccepted,'3.21266's
captcha20170714_164531.wav,UK,'',NotAccepted,'2.6429's
captcha20170714_164549.wav,UK,'bapxj',NotAccepted,'3.41069's
captcha20170714_164606.wav,UK,'',NotAccepted,'2.64807's
captcha20170714_164623.wav,UK,'capsyj',NotAccepted,'3.13918's
captcha20170714_164639.wav,UK,'t',NotAccepted,'2.65809's
captcha20170714_164656.wav,UK,'qivk',NotAccepted,'3.03623's
captcha20170714_164715.wav,UK,'ajwa',NotAccepted,'3.74992's
captcha20170714_164734.wav,UK,'',NotAccepted,'3.65087's
captcha20170714_164753.wav,UK,'',NotAccepted,'2.52304's
captcha20170714_164809.wav,UK,'jv',NotAccepted,'2.69769's
captcha20170714_164826.wav,UK,'vkunk',NotAccepted,'2.96972's
captcha20170714_164845.wav,UK,'',NotAccepted,'3.52803's
captcha20170714_164903.wav,UK,'h',NotAccepted,'2.35406's
captcha20170714_164920.wav,UK,'vvv',NotAccepted,'2.69917's
captcha20170714_164937.wav,UK,'3crct',NotAccepted,'3.12989's
captcha20170714_164954.wav,UK,'vdrc',NotAccepted,'2.38569's
captcha20170714_165010.wav,UK,'6r',NotAccepted,'2.61619's
captcha20170714_165025.wav,UK,'',NotAccepted,'3.5281's
captcha20170714_165043.wav,UK,'jhym',NotAccepted,'3.10003's
captcha20170714_165100.wav,UK,'ura',NotAccepted,'3.40139's
captcha20170714_165120.wav,UK,'jddjcx',NotAccepted,'3.73704's
captcha20170714_165138.wav,UK,'tyba',NotAccepted,'2.58694's
captcha20170714_165156.wav,UK,'6r4pc',NotAccepted,'3.39694's
captcha20170714_165214.wav,UK,'tyrc',Accepted,'2.49079's
captcha20170714_165231.wav,UK,'avsva',NotAccepted,'2.92095's
captcha20170714_165246.wav,UK,'qwxthyaw',NotAccepted,'3.71705's
captcha20170714_165305.wav,UK,'pmpxvy',NotAccepted,'3.47992's
captcha20170714_165324.wav,UK,'3',NotAccepted,'2.50596's
captcha20170714_165340.wav,UK,'thewc',NotAccepted,'3.2335's
captcha20170714_165357.wav,UK,'4',NotAccepted,'2.55154's
captcha20170714_165413.wav,UK,'8tjcd',NotAccepted,'3.18224's
captcha20170714_165430.wav,UK,'',NotAccepted,'2.14922's
captcha20170714_165447.wav,UK,'sic',NotAccepted,'2.9815's
captcha20170714_165504.wav,UK,'',NotAccepted,'3.2565's
captcha20170714_165521.wav,UK,'jjadr',NotAccepted,'3.09856's
captcha20170714_165538.wav,UK,'3abc',NotAccepted,'2.6402's
captcha20170714_165556.wav,UK,'',NotAccepted,'2.72792's
captcha20170714_165613.wav,UK,'yver',NotAccepted,'2.62263's
captcha20170714_165630.wav,UK,'rvga',NotAccepted,'2.52084's
captcha20170714_165647.wav,UK,'svvwa',NotAccepted,'2.70317's
captcha20170714_165703.wav,UK,'',NotAccepted,'3.27411's
captcha20170714_165720.wav,UK,'a',NotAccepted,'2.42778's
captcha20170714_165739.wav,UK,'vjc',NotAccepted,'2.98145's
captcha20170714_165757.wav,UK,'tj',NotAccepted,'3.71843's
captcha20170714_165815.wav,UK,'ekm',NotAccepted,'4.34758's
captcha20170714_165835.wav,UK,'',NotAccepted,'2.2674's
captcha20170714_165850.wav,UK,'',NotAccepted,'2.72806's
captcha20170714_165907.wav,UK,'britb',NotAccepted,'2.90958's
captcha20170714_165924.wav,UK,'',NotAccepted,'3.03811's
captcha20170714_165942.wav,UK,'',NotAccepted,'3.36791's
captcha20170714_170000.wav,UK,'9',NotAccepted,'3.02175's
captcha20170714_170017.wav,UK,'vxvt',NotAccepted,'3.17678's
captcha20170714_170033.wav,UK,'',NotAccepted,'3.11986's
captcha20170714_170050.wav,UK,'w',NotAccepted,'2.83582's
captcha20170714_170108.wav,UK,'vmsy',NotAccepted,'3.66084's
captcha20170714_170126.wav,UK,'us3y4h',NotAccepted,'3.50407's
captcha20170714_170149.wav,UK,'3',NotAccepted,'2.56745's
captcha20170714_170205.wav,UK,'8x4',NotAccepted,'2.86159's
captcha20170714_170223.wav,UK,'',NotAccepted,'3.25316's
captcha20170714_170241.wav,UK,'',NotAccepted,'3.27427's
captcha20170714_170259.wav,UK,'cctvhu',NotAccepted,'3.50561's
captcha20170714_170318.wav,UK,'yjx',NotAccepted,'2.69823's
captcha20170714_170335.wav,UK,'',NotAccepted,'2.95485's
captcha20170714_170352.wav,UK,'ycv',NotAccepted,'2.8593's
captcha20170714_170409.wav,UK,'jayacap8',NotAccepted,'3.36763's
captcha20170714_170427.wav,UK,'3x',NotAccepted,'5.12772's
captcha20170714_170446.wav,UK,'3x1',NotAccepted,'3.36497's
captcha20170714_170504.wav,UK,'5',NotAccepted,'3.20966's
captcha20170714_170521.wav,UK,'956',NotAccepted,'3.54027's
captcha20170714_170539.wav,UK,'cexyp',NotAccepted,'2.58212's
captcha20170714_170556.wav,UK,'cxxx4',NotAccepted,'2.95897's
captcha20170714_170614.wav,UK,'jadern',NotAccepted,'3.03214's
captcha20170714_170631.wav,UK,'i8u58',NotAccepted,'3.14609's
captcha20170714_170647.wav,UK,'xyzyaq',NotAccepted,'3.43634's
captcha20170714_170704.wav,UK,'d',NotAccepted,'2.94068's
captcha20170714_170722.wav,UK,'jkyy',NotAccepted,'2.84133's
captcha20170714_170739.wav,UK,'',NotAccepted,'2.36706's
captcha20170714_170756.wav,UK,'phjrst',NotAccepted,'3.44613's
captcha20170714_170815.wav,UK,'ster',NotAccepted,'2.43611's
captcha20170714_170832.wav,UK,'vk6',NotAccepted,'2.96831's
captcha20170714_170849.wav,UK,'tps',NotAccepted,'2.72084's
captcha20170714_170905.wav,UK,'pwix',NotAccepted,'2.61234's
captcha20170714_170922.wav,UK,'',NotAccepted,'3.08249's
captcha20170714_170939.wav,UK,'stvuht',NotAccepted,'4.0448's
captcha20170714_170958.wav,UK,'',NotAccepted,'2.4496's
captcha20170714_171015.wav,UK,'rala',NotAccepted,'2.53126's
captcha20170714_171031.wav,UK,'cb',NotAccepted,'2.54399's
captcha20170714_171048.wav,UK,'bauv',Accepted,'2.47197's
captcha20170714_171105.wav,UK,'catu',NotAccepted,'2.75482's
captcha20170714_171122.wav,UK,'8',NotAccepted,'2.43028's
captcha20170714_171139.wav,UK,'y',NotAccepted,'2.66086's
captcha20170714_171156.wav,UK,'vdkn',NotAccepted,'2.73711's
captcha20170714_171211.wav,UK,'yk',NotAccepted,'3.00577's
captcha20170714_171228.wav,UK,'4din',NotAccepted,'2.39374's
captcha20170714_171245.wav,UK,'5p6',NotAccepted,'2.41593's
captcha20170714_171301.wav,UK,'64x',NotAccepted,'3.06435's
captcha20170714_171319.wav,UK,'y',NotAccepted,'2.95259's
captcha20170714_171337.wav,UK,'edrkp',Accepted,'3.10245's
captcha20170714_171355.wav,UK,'dc',NotAccepted,'2.79233's
captcha20170714_171412.wav,UK,'qyxm',NotAccepted,'2.48624's
captcha20170714_171428.wav,UK,'8',NotAccepted,'2.86992's
captcha20170714_171445.wav,UK,'',NotAccepted,'3.263's
captcha20170714_171503.wav,UK,'hd3d3m',Accepted,'3.19097's
captcha20170714_171520.wav,UK,'vkray',NotAccepted,'2.68198's
captcha20170714_171537.wav,UK,'',NotAccepted,'2.51842's
captcha20170714_171554.wav,UK,'vku',NotAccepted,'3.42216's
captcha20170714_171612.wav,UK,'grxyes',NotAccepted,'3.16284's
captcha20170714_171629.wav,UK,'a4',NotAccepted,'3.46588's
captcha20170714_171647.wav,UK,'',NotAccepted,'2.62635's
captcha20170714_171705.wav,UK,'ydswvv',NotAccepted,'2.77762's
captcha20170714_171722.wav,UK,'cwvh',NotAccepted,'2.35214's
captcha20170714_171737.wav,UK,'d',NotAccepted,'3.00071's
captcha20170714_171753.wav,UK,'458',NotAccepted,'2.452's
captcha20170714_171809.wav,UK,'uhpu',Accepted,'2.49038's
captcha20170714_171826.wav,UK,'uk4',NotAccepted,'3.12405's
captcha20170714_171844.wav,UK,'akry',Accepted,'2.12345's
captcha20170714_171900.wav,UK,'xxvid',NotAccepted,'3.30555's
captcha20170714_171918.wav,UK,'9x2',NotAccepted,'2.58043's
captcha20170714_171935.wav,UK,'shenk',Accepted,'2.63756's
captcha20170714_171953.wav,UK,'k',NotAccepted,'2.7167's
captcha20170714_172009.wav,UK,'',NotAccepted,'3.19945's
captcha20170714_172026.wav,UK,'',NotAccepted,'2.56849's
captcha20170714_172042.wav,UK,'yxtaa',Accepted,'2.985's
captcha20170714_172059.wav,UK,'',NotAccepted,'2.73031's
captcha20170714_172115.wav,UK,'pjannnn',NotAccepted,'3.1's
captcha20170714_172131.wav,UK,'u',NotAccepted,'2.84291's
captcha20170714_172147.wav,UK,'4',NotAccepted,'2.5191's
captcha20170714_172204.wav,UK,'caveyaky',NotAccepted,'3.14871's
captcha20170714_172222.wav,UK,'jwtey',NotAccepted,'3.43537's
captcha20170714_172239.wav,UK,'kstvch',NotAccepted,'3.4196's
captcha20170714_172258.wav,UK,'vjhvc',NotAccepted,'3.64367's
captcha20170714_172317.wav,UK,'c',NotAccepted,'3.33428's
captcha20170714_172333.wav,UK,'',NotAccepted,'3.6342's
captcha20170714_172349.wav,UK,'hhy',NotAccepted,'2.98839's
captcha20170714_172407.wav,UK,'wxrujj',Accepted,'3.3952's
captcha20170714_172425.wav,UK,'j',NotAccepted,'2.91307's
captcha20170714_172441.wav,UK,'yd',NotAccepted,'3.08647's
captcha20170714_172459.wav,UK,'csyk',NotAccepted,'2.85584's
captcha20170714_172516.wav,UK,'cuvr',Accepted,'2.80069's
captcha20170714_172532.wav,UK,'4gamyw',NotAccepted,'2.84662's
captcha20170714_172548.wav,UK,'ssbyvx',NotAccepted,'3.52574's
captcha20170714_172606.wav,UK,'3',NotAccepted,'2.30164's
captcha20170714_172623.wav,UK,'esr',NotAccepted,'3.12789's
captcha20170714_172641.wav,UK,'6',NotAccepted,'3.8593's
captcha20170714_172700.wav,UK,'45',NotAccepted,'2.2179's
captcha20170714_172716.wav,UK,'jhxys',NotAccepted,'2.90708's
captcha20170714_172732.wav,UK,'y5',NotAccepted,'2.70407's
captcha20170714_172749.wav,UK,'p4ich',NotAccepted,'3.60389's
captcha20170714_172807.wav,UK,'',NotAccepted,'2.64915's
captcha20170714_172823.wav,UK,'khyth',NotAccepted,'3.50114's
captcha20170714_172841.wav,UK,'',NotAccepted,'2.42098's
captcha20170714_172857.wav,UK,'cjpk',NotAccepted,'2.48443's
captcha20170714_172913.wav,UK,'ya6',NotAccepted,'2.38749's
captcha20170714_172929.wav,UK,'dwepete',NotAccepted,'3.06062's
captcha20170714_172947.wav,UK,'',NotAccepted,'2.41769's
captcha20170714_173003.wav,UK,'rur',NotAccepted,'3.16362's
captcha20170714_173020.wav,UK,'',NotAccepted,'3.07415's
captcha20170714_173038.wav,UK,'pecde4',NotAccepted,'3.65307's
captcha20170714_173055.wav,UK,'',NotAccepted,'3.12651's
captcha20170714_173112.wav,UK,'bnt3',Accepted,'2.45946's
captcha20170714_173129.wav,UK,'v',NotAccepted,'3.32806's
captcha20170714_173146.wav,UK,'a6m',NotAccepted,'2.54678's
captcha20170714_173205.wav,UK,'',NotAccepted,'2.86374's
captcha20170714_173221.wav,UK,'tpstip',NotAccepted,'4.36432's
captcha20170714_173241.wav,UK,'physm',NotAccepted,'3.02306's
captcha20170714_173259.wav,UK,'vatv',NotAccepted,'2.47849's
captcha20170714_173317.wav,UK,'jmjs',Accepted,'2.56339's
captcha20170714_173334.wav,UK,'',NotAccepted,'2.54419's
captcha20170714_173351.wav,UK,'p',NotAccepted,'2.60259's
captcha20170714_173408.wav,UK,'a',NotAccepted,'2.46352's
captcha20170714_173425.wav,UK,'vvvvv',NotAccepted,'2.53437's
captcha20170714_173443.wav,UK,'rk',NotAccepted,'2.86122's
captcha20170714_173459.wav,UK,'w',NotAccepted,'3.14214's
captcha20170714_173517.wav,UK,'8w',NotAccepted,'3.47315's
captcha20170714_173535.wav,UK,'6',NotAccepted,'3.51709's
captcha20170714_173553.wav,UK,'5x',NotAccepted,'3.01182's
captcha20170714_173611.wav,UK,'5',NotAccepted,'3.01953's
captcha20170714_173628.wav,UK,'6',NotAccepted,'2.9599's
captcha20170714_173644.wav,UK,'pectric',NotAccepted,'3.27399's
captcha20170714_173702.wav,UK,'y',NotAccepted,'2.5305's
captcha20170714_173718.wav,UK,'wc',NotAccepted,'2.59561's
captcha20170714_173735.wav,UK,'stfukk',NotAccepted,'3.75522's
captcha20170714_173754.wav,UK,'',NotAccepted,'2.62732's
captcha20170714_173812.wav,UK,'4',NotAccepted,'3.06968's
captcha20170714_173829.wav,UK,'',NotAccepted,'2.3343's
captcha20170714_173846.wav,UK,'',NotAccepted,'2.41955's
captcha20170714_173902.wav,UK,'6',NotAccepted,'3.74563's
captcha20170714_173920.wav,UK,'spp',NotAccepted,'2.77969's
captcha20170714_173936.wav,UK,'reveste',NotAccepted,'3.14154's
captcha20170714_173954.wav,UK,'',NotAccepted,'3.62088's
captcha20170714_174013.wav,UK,'cw',NotAccepted,'2.85808's
captcha20170714_174028.wav,UK,'uhahc',Accepted,'3.34431's
captcha20170714_174046.wav,UK,'ch',NotAccepted,'2.98857's
captcha20170714_174104.wav,UK,'44c',NotAccepted,'3.7125's
captcha20170714_174122.wav,UK,'yjcxd',NotAccepted,'3.73133's
captcha20170714_174141.wav,UK,'jcd',NotAccepted,'2.77273's
captcha20170714_174200.wav,UK,'jut',NotAccepted,'2.33462's
captcha20170714_174217.wav,UK,'ccjk',Accepted,'2.58832's
captcha20170714_174234.wav,UK,'8w',NotAccepted,'2.09385's
captcha20170714_174252.wav,UK,'sww',NotAccepted,'2.90468's
captcha20170714_174309.wav,UK,'3spa9',Accepted,'3.4952's
captcha20170714_174327.wav,UK,'cbhw',NotAccepted,'2.96129's
captcha20170714_174344.wav,UK,'ex',NotAccepted,'3.05441's
captcha20170714_174401.wav,UK,'j',NotAccepted,'2.51897's
captcha20170714_174419.wav,UK,'',NotAccepted,'3.15069's
captcha20170714_174438.wav,UK,'d',NotAccepted,'3.53444's
captcha20170714_174456.wav,UK,'tempy',NotAccepted,'3.19191's
captcha20170714_174516.wav,UK,'',NotAccepted,'2.57935's
captcha20170714_174532.wav,UK,'tvst',NotAccepted,'3.0835's
captcha20170714_174549.wav,UK,'pwdxud',Accepted,'3.8514's
captcha20170714_174608.wav,UK,'',NotAccepted,'2.68247's
captcha20170714_174626.wav,UK,'vrc',NotAccepted,'2.62023's
captcha20170714_174642.wav,UK,'',NotAccepted,'3.32743's
captcha20170714_174700.wav,UK,'',NotAccepted,'2.60006's
captcha20170714_174717.wav,UK,'qx',NotAccepted,'3.17848's
captcha20170714_174735.wav,UK,'j',NotAccepted,'2.82043's
captcha20170714_174752.wav,UK,'crfuu',NotAccepted,'3.24002's
captcha20170714_174809.wav,UK,'y6tky',Accepted,'2.68277's
captcha20170714_174825.wav,UK,'yscd',NotAccepted,'2.86334's
captcha20170714_174843.wav,UK,'cevs',Accepted,'3.03102's
captcha20170714_174900.wav,UK,'khus',NotAccepted,'2.77948's
captcha20170714_174917.wav,UK,'jjch',NotAccepted,'3.3301's
captcha20170714_174934.wav,UK,'',NotAccepted,'2.6665's
captcha20170714_174951.wav,UK,'',NotAccepted,'2.41979's
captcha20170714_175007.wav,UK,'cock',NotAccepted,'3.97518's
captcha20170714_175026.wav,UK,'498x38',NotAccepted,'3.71345's
captcha20170714_175043.wav,UK,'eerry',NotAccepted,'3.33556's
captcha20170714_175101.wav,UK,'kannah',NotAccepted,'2.96492's
captcha20170714_175119.wav,UK,'a',NotAccepted,'2.79557's
captcha20170714_175138.wav,UK,'ku',NotAccepted,'2.73544's
captcha20170714_175155.wav,UK,'wpd',NotAccepted,'2.87832's
captcha20170714_175213.wav,UK,'',NotAccepted,'3.08346's
captcha20170714_175230.wav,UK,'6k7',NotAccepted,'2.87101's
captcha20170714_175246.wav,UK,'',NotAccepted,'2.69862's
captcha20170714_175303.wav,UK,'v',NotAccepted,'3.0989's
captcha20170714_175320.wav,UK,'hee',NotAccepted,'2.75871's
captcha20170714_175337.wav,UK,'prkkh',Accepted,'3.77012's
captcha20170714_175355.wav,UK,'cjv',NotAccepted,'2.93164's
captcha20170714_175414.wav,UK,'w',NotAccepted,'2.61831's
captcha20170714_175430.wav,UK,'ur',NotAccepted,'3.04797's
captcha20170714_175447.wav,UK,'wbty',Accepted,'2.09415's
captcha20170714_175504.wav,UK,'8',NotAccepted,'3.44133's
captcha20170714_175522.wav,UK,'vch',NotAccepted,'3.41117's
captcha20170714_175539.wav,UK,'uxeytr',NotAccepted,'3.43996's
captcha20170714_175556.wav,UK,'u',NotAccepted,'3.35156's
captcha20170714_175613.wav,UK,'8',NotAccepted,'2.66563's
captcha20170714_175631.wav,UK,'usxx8',NotAccepted,'2.68604's
captcha20170714_175648.wav,UK,'petty',NotAccepted,'2.6044's
captcha20170714_175704.wav,UK,'r',NotAccepted,'3.80506's
captcha20170714_175722.wav,UK,'',NotAccepted,'2.99042's
captcha20170714_175739.wav,UK,'pyk',NotAccepted,'2.58964's
captcha20170714_175758.wav,UK,'cpsy',NotAccepted,'3.14649's
captcha20170714_175814.wav,UK,'',NotAccepted,'3.38981's
captcha20170714_175831.wav,UK,'3',NotAccepted,'2.36201's
captcha20170714_175847.wav,UK,'',NotAccepted,'3.27015's
captcha20170714_175905.wav,UK,'8c',NotAccepted,'3.15275's
captcha20170714_175923.wav,UK,'r',NotAccepted,'2.5984's
captcha20170714_175941.wav,UK,'wj',NotAccepted,'2.71915's
captcha20170714_175958.wav,UK,'td6puk',NotAccepted,'3.77034's
captcha20170714_180015.wav,UK,'pjwt',NotAccepted,'3.60651's
captcha20170714_180033.wav,UK,'vhys8',Accepted,'2.8427's
captcha20170714_180050.wav,UK,'u',NotAccepted,'3.10203's
captcha20170714_180106.wav,UK,'cvj',NotAccepted,'2.89464's
captcha20170714_180124.wav,UK,'yi6',NotAccepted,'5.82994's
captcha20170714_180143.wav,UK,'pw',NotAccepted,'2.85357's
captcha20170714_180159.wav,UK,'jhpud',NotAccepted,'3.56449's
captcha20170714_180218.wav,UK,'cea',NotAccepted,'2.79374's
captcha20170714_180235.wav,UK,'',NotAccepted,'2.64763's
captcha20170714_180252.wav,UK,'5',NotAccepted,'2.45917's
captcha20170714_180310.wav,UK,'',NotAccepted,'2.72979's
captcha20170714_180327.wav,UK,'urkan',NotAccepted,'2.30971's
captcha20170714_180344.wav,UK,'c5',NotAccepted,'2.75717's
captcha20170714_180401.wav,UK,'uscopd',NotAccepted,'3.37173's
captcha20170714_180419.wav,UK,'wk',NotAccepted,'3.53098's
captcha20170714_180436.wav,UK,'',NotAccepted,'3.17395's
captcha20170714_180456.wav,UK,'y',NotAccepted,'2.9572's
captcha20170714_180514.wav,UK,'',NotAccepted,'2.68499's
captcha20170714_180531.wav,UK,'pp',NotAccepted,'2.48505's
captcha20170714_180548.wav,UK,'hayyz',NotAccepted,'2.78268's
captcha20170714_180605.wav,UK,'',NotAccepted,'3.23125's
captcha20170714_180622.wav,UK,'ydynsh',NotAccepted,'3.40195's
captcha20170714_180641.wav,UK,'buddy8',NotAccepted,'3.29644's
captcha20170714_180657.wav,UK,'',NotAccepted,'3.01534's
captcha20170714_180714.wav,UK,'',NotAccepted,'2.958's
captcha20170714_180731.wav,UK,'',NotAccepted,'3.23715's
captcha20170714_180748.wav,UK,'',NotAccepted,'2.92232's
captcha20170714_180805.wav,UK,'uddjadebbq',NotAccepted,'3.18438's
captcha20170714_180823.wav,UK,'rhys',NotAccepted,'2.90857's
captcha20170714_180839.wav,UK,'3t',NotAccepted,'4.05413's
captcha20170714_180857.wav,UK,'udd4',NotAccepted,'2.9079's
captcha20170714_180913.wav,UK,'pr',NotAccepted,'2.79501's
captcha20170714_180930.wav,UK,'',NotAccepted,'2.43197's
captcha20170714_180946.wav,UK,'kurkav',NotAccepted,'3.49634's
captcha20170714_181004.wav,UK,'6',NotAccepted,'3.16668's
captcha20170714_181022.wav,UK,'k8',NotAccepted,'3.72068's
captcha20170714_181040.wav,UK,'3yuru',NotAccepted,'3.80755's
captcha20170714_181059.wav,UK,'6hwy',NotAccepted,'4.26297's
captcha20170714_181117.wav,UK,'jdt',NotAccepted,'2.81661's
captcha20170714_181133.wav,UK,'',NotAccepted,'2.3851's
captcha20170714_181148.wav,UK,'urunsh',Accepted,'3.62931's
captcha20170714_181208.wav,UK,'ccx',NotAccepted,'3.09867's
captcha20170714_181226.wav,UK,'r',NotAccepted,'2.41836's
captcha20170714_181245.wav,UK,'',NotAccepted,'2.6082's
captcha20170714_181301.wav,UK,'y5',NotAccepted,'2.56955's
captcha20170714_181319.wav,UK,'jd',NotAccepted,'2.72322's
captcha20170714_181336.wav,UK,'',NotAccepted,'2.81977's
captcha20170714_181354.wav,UK,'c5',NotAccepted,'3.56456's
captcha20170714_181413.wav,UK,'tterw',NotAccepted,'2.82555's
captcha20170714_181429.wav,UK,'t',NotAccepted,'2.75438's
captcha20170714_181446.wav,UK,'tependet',NotAccepted,'3.39603's
captcha20170714_181503.wav,UK,'su3',NotAccepted,'3.92926's
captcha20170714_181522.wav,UK,'68ubp',Accepted,'3.18534's
captcha20170714_181540.wav,UK,'',NotAccepted,'2.77565's
captcha20170714_181558.wav,UK,'6',NotAccepted,'3.01813's
captcha20170714_181614.wav,UK,'vipertte',NotAccepted,'3.51714's
captcha20170714_181631.wav,UK,'u',NotAccepted,'3.10784's
captcha20170714_181650.wav,UK,'6kr',NotAccepted,'3.18473's
captcha20170714_181708.wav,UK,'yy',NotAccepted,'2.67437's
captcha20170714_181725.wav,UK,'kari',NotAccepted,'2.37079's
captcha20170714_181741.wav,UK,'',NotAccepted,'2.70775's
captcha20170714_181758.wav,UK,'3',NotAccepted,'3.12512's
captcha20170714_181816.wav,UK,'9',NotAccepted,'2.78367's
captcha20170714_181833.wav,UK,'haap',NotAccepted,'2.36385's
captcha20170714_181849.wav,UK,'wta',NotAccepted,'2.46309's
captcha20170714_181905.wav,UK,'ykx',NotAccepted,'3.34194's
captcha20170714_181922.wav,UK,'u',NotAccepted,'3.5512's
captcha20170714_181940.wav,UK,'y',NotAccepted,'2.32212's
captcha20170714_181957.wav,UK,'8ghy',NotAccepted,'3.03032's
captcha20170714_182014.wav,UK,'cuhcun',NotAccepted,'4.04205's
captcha20170714_182033.wav,UK,'3',NotAccepted,'3.48055's
captcha20170714_182055.wav,UK,'v4craa',Accepted,'3.59922's
captcha20170714_182111.wav,UK,'3568',NotAccepted,'2.6333's
captcha20170714_182129.wav,UK,'',NotAccepted,'2.73224's
captcha20170714_182145.wav,UK,'43',NotAccepted,'4.11985's
captcha20170714_182202.wav,UK,'jas',NotAccepted,'3.28682's
captcha20170714_182218.wav,UK,'6x5',NotAccepted,'3.50066's
captcha20170714_182236.wav,UK,'sjwxc',NotAccepted,'3.24975's
captcha20170714_182255.wav,UK,'6x5',NotAccepted,'3.41375's
captcha20170714_182311.wav,UK,'wkdse',NotAccepted,'3.36524's
captcha20170714_182330.wav,UK,'y',NotAccepted,'2.55879's
captcha20170714_182346.wav,UK,'pcudj',NotAccepted,'4.16173's
captcha20170714_182404.wav,UK,'yj6x8',NotAccepted,'3.48001's
captcha20170714_182422.wav,UK,'ks',NotAccepted,'2.64911's
captcha20170714_182439.wav,UK,'jaderw',NotAccepted,'2.72247's
captcha20170714_182456.wav,UK,'bway',NotAccepted,'3.00107's
captcha20170714_182514.wav,UK,'tray',Accepted,'2.63709's
captcha20170714_182532.wav,UK,'',NotAccepted,'2.79167's
captcha20170714_182548.wav,UK,'',NotAccepted,'2.49232's
captcha20170714_182605.wav,UK,'',NotAccepted,'3.15924's
captcha20170714_182623.wav,UK,'wpdrath',NotAccepted,'3.38313's
captcha20170714_182640.wav,UK,'4',NotAccepted,'3.4212's
captcha20170714_182657.wav,UK,'vwxxxx',NotAccepted,'2.53804's
captcha20170714_182713.wav,UK,'jmvs',NotAccepted,'3.47161's
captcha20170714_182731.wav,UK,'udppal',NotAccepted,'3.28941's
captcha20170714_182748.wav,UK,'',NotAccepted,'3.00857's
captcha20170714_182806.wav,UK,'vhty',NotAccepted,'3.59866's
captcha20170714_182825.wav,UK,'pettv',NotAccepted,'2.91199's
captcha20170714_182841.wav,UK,'',NotAccepted,'2.44654's
captcha20170714_182857.wav,UK,'hhyyh',NotAccepted,'3.16077's
captcha20170714_182915.wav,UK,'cbwd',NotAccepted,'2.96628's
captcha20170714_182933.wav,UK,'hre',NotAccepted,'2.5351's
captcha20170714_182949.wav,UK,'8',NotAccepted,'2.53883's
captcha20170714_183005.wav,UK,'6t',NotAccepted,'2.83309's
captcha20170714_183022.wav,UK,'',NotAccepted,'2.92737's
captcha20170714_183041.wav,UK,'8984',NotAccepted,'2.30357's
captcha20170714_183057.wav,UK,'jbeh',Accepted,'2.4756's
captcha20170714_183114.wav,UK,'',NotAccepted,'2.73318's
captcha20170714_183131.wav,UK,'craw',NotAccepted,'2.42275's
captcha20170714_183148.wav,UK,'uvf',NotAccepted,'3.02562's
captcha20170714_183206.wav,UK,'psaya',NotAccepted,'3.08199's
captcha20170714_183223.wav,UK,'',NotAccepted,'3.23594's
captcha20170714_183240.wav,UK,'jsu',NotAccepted,'2.92584's
captcha20170714_183257.wav,UK,'',NotAccepted,'3.07333's
captcha20170714_183313.wav,UK,'3leyj',NotAccepted,'2.68545's
captcha20170714_183329.wav,UK,'',NotAccepted,'4.40085's
captcha20170714_183348.wav,UK,'warcj',NotAccepted,'3.27618's
captcha20170714_183407.wav,UK,'acd',NotAccepted,'3.18909's
captcha20170714_183424.wav,UK,'',NotAccepted,'2.78483's
captcha20170714_183440.wav,UK,'',NotAccepted,'3.39993's
captcha20170714_183500.wav,UK,'',NotAccepted,'2.95937's
captcha20170714_183517.wav,UK,'6eautp',Accepted,'3.33442's
captcha20170714_183535.wav,UK,'yline',NotAccepted,'3.50873's
captcha20170714_183553.wav,UK,'rpv',NotAccepted,'3.43082's
captcha20170714_183610.wav,UK,'y',NotAccepted,'3.14707's
captcha20170714_183628.wav,UK,'3t',NotAccepted,'2.65747's
captcha20170714_183645.wav,UK,'dd',NotAccepted,'3.08911's
captcha20170714_183703.wav,UK,'5',NotAccepted,'2.23141's
captcha20170714_183718.wav,UK,'',NotAccepted,'3.22763's
captcha20170714_183736.wav,UK,'66693d',NotAccepted,'4.49507's
captcha20170714_183755.wav,UK,'h8uu',NotAccepted,'4.10491's
captcha20170714_183813.wav,UK,'rjd',NotAccepted,'2.4538's
captcha20170714_183829.wav,UK,'',NotAccepted,'2.88814's
captcha20170714_183845.wav,UK,'yunk',Accepted,'2.45228's
captcha20170714_183901.wav,UK,'rhy',NotAccepted,'3.16636's
captcha20170714_183921.wav,UK,'',NotAccepted,'3.33086's
captcha20170714_183939.wav,UK,'',NotAccepted,'2.86306's
captcha20170714_183955.wav,UK,'tynzxyt',NotAccepted,'3.44172's
captcha20170714_184013.wav,UK,'tcwn',Accepted,'2.4399's
captcha20170714_184028.wav,UK,'4',NotAccepted,'2.26896's
captcha20170714_184044.wav,UK,'',NotAccepted,'3.10132's
captcha20170714_184100.wav,UK,'',NotAccepted,'3.17959's
captcha20170714_184118.wav,UK,'hijjaye',NotAccepted,'3.3249's
captcha20170714_184135.wav,UK,'',NotAccepted,'3.45556's
captcha20170714_184152.wav,UK,'',NotAccepted,'2.63336's
captcha20170714_184209.wav,UK,'cuh',NotAccepted,'3.61119's
captcha20170714_184225.wav,UK,'yuckk',NotAccepted,'2.99166's
captcha20170714_184243.wav,UK,'wy',NotAccepted,'2.84792's
captcha20170714_184300.wav,UK,'6',NotAccepted,'3.72149's
captcha20170714_184317.wav,UK,'mbkex',NotAccepted,'3.68402's
captcha20170714_184336.wav,UK,'95',NotAccepted,'3.11114's
captcha20170714_184352.wav,UK,'664',NotAccepted,'2.79499's
captcha20170714_184410.wav,UK,'bpjcj',NotAccepted,'3.21157's
captcha20170714_184427.wav,UK,'ru',NotAccepted,'2.78096's
captcha20170714_184443.wav,UK,'64988',Accepted,'2.87961's
captcha20170714_184500.wav,UK,'unnrr',NotAccepted,'2.90576's
captcha20170714_184516.wav,UK,'',NotAccepted,'3.4903's
captcha20170714_184534.wav,UK,'',NotAccepted,'3.71082's
captcha20170714_184552.wav,UK,'jbu',NotAccepted,'3.24399's
captcha20170714_184609.wav,UK,'tywc',NotAccepted,'2.88663's
captcha20170714_184626.wav,UK,'t',NotAccepted,'3.92735's
captcha20170714_184645.wav,UK,'cprtea',NotAccepted,'3.29517's
captcha20170714_184703.wav,UK,'hk4t',Accepted,'2.58899's
captcha20170714_184719.wav,UK,'',NotAccepted,'2.95486's
captcha20170714_184735.wav,UK,'6rich',NotAccepted,'3.64531's
captcha20170714_184753.wav,UK,'',NotAccepted,'4.68573's
captcha20170714_184811.wav,UK,'cuvhd',NotAccepted,'3.61022's
captcha20170714_184829.wav,UK,'huh',NotAccepted,'2.72749's
captcha20170714_184847.wav,UK,'xcxxxuy',NotAccepted,'3.27589's
captcha20170714_184904.wav,UK,'keaner',NotAccepted,'3.99989's
captcha20170714_184921.wav,UK,'3',NotAccepted,'2.48881's
captcha20170714_184938.wav,UK,'vw',NotAccepted,'4.11724's
captcha20170714_184955.wav,UK,'',NotAccepted,'3.9225's
captcha20170714_185014.wav,UK,'gthav',NotAccepted,'3.44449's
captcha20170714_185032.wav,UK,'ubisen',NotAccepted,'4.02624's
captcha20170714_185050.wav,UK,'cb',NotAccepted,'2.68319's
captcha20170714_185108.wav,UK,'s6',NotAccepted,'2.8754's
captcha20170714_185125.wav,UK,'6wmiy',NotAccepted,'3.00079's
captcha20170714_185141.wav,UK,'99u',NotAccepted,'3.2488's
captcha20170714_185158.wav,UK,'',NotAccepted,'3.05936's
captcha20170714_185216.wav,UK,'wwet',Accepted,'2.62257's
captcha20170714_185231.wav,UK,'',NotAccepted,'2.78793's
captcha20170714_185248.wav,UK,'5',NotAccepted,'3.71271's
captcha20170714_185307.wav,UK,'kvdwcd',NotAccepted,'3.22424's
captcha20170714_185325.wav,UK,'berw',NotAccepted,'2.81493's
captcha20170714_185342.wav,UK,'8w',NotAccepted,'2.46835's
captcha20170714_185400.wav,UK,'',NotAccepted,'2.78843's
captcha20170714_185418.wav,UK,'',NotAccepted,'2.6762's
captcha20170714_185435.wav,UK,'',NotAccepted,'2.62552's
captcha20170714_185452.wav,UK,'x',NotAccepted,'2.54053's
captcha20170714_185509.wav,UK,'blyy',NotAccepted,'2.69019's
captcha20170714_185526.wav,UK,'y',NotAccepted,'3.55411's
captcha20170714_185545.wav,UK,'',NotAccepted,'2.5848's
captcha20170714_185601.wav,UK,'yc',NotAccepted,'3.67611's
captcha20170714_185620.wav,UK,'rtr',NotAccepted,'3.40235's
captcha20170714_185638.wav,UK,'',NotAccepted,'3.55223's
captcha20170714_185656.wav,UK,'',NotAccepted,'2.67352's
captcha20170714_185713.wav,UK,'',NotAccepted,'2.78335's
captcha20170714_185730.wav,UK,'vevde',NotAccepted,'3.81313's
captcha20170714_185748.wav,UK,'',NotAccepted,'3.03974's
captcha20170714_185805.wav,UK,'p',NotAccepted,'3.50696's
captcha20170714_185823.wav,UK,'ghrsw',NotAccepted,'2.99202's
captcha20170714_185840.wav,UK,'54kac',NotAccepted,'3.00871's
captcha20170714_185856.wav,UK,'66',NotAccepted,'3.01353's
captcha20170714_185913.wav,UK,'vwxmy',NotAccepted,'3.29113's
captcha20170714_185932.wav,UK,'ccy',NotAccepted,'2.77486's
captcha20170714_185950.wav,UK,'',NotAccepted,'2.16782's
captcha20170714_190005.wav,UK,'tyv',NotAccepted,'2.51236's
captcha20170714_190022.wav,UK,'k4',NotAccepted,'4.50229's
captcha20170714_190041.wav,UK,'2x6',NotAccepted,'2.80652's
captcha20170714_190058.wav,UK,'yudeth',Accepted,'3.4037's
captcha20170714_190115.wav,UK,'g',NotAccepted,'2.55194's
captcha20170714_190131.wav,UK,'',NotAccepted,'2.14398's
captcha20170714_190148.wav,UK,'',NotAccepted,'3.16153's
captcha20170714_190207.wav,UK,'kcsa',NotAccepted,'2.49196's
captcha20170714_190223.wav,UK,'c',NotAccepted,'2.71482's
captcha20170714_190239.wav,UK,'wbuhmt',Accepted,'3.33717's
captcha20170714_190257.wav,UK,'pvpetty',NotAccepted,'3.71694's
captcha20170714_190314.wav,UK,'ccyxk',NotAccepted,'3.31613's
captcha20170714_190332.wav,UK,'bump',NotAccepted,'3.14283's
captcha20170714_190350.wav,UK,'6x6x38',NotAccepted,'4.14598's
captcha20170714_190409.wav,UK,'y3',NotAccepted,'3.01857's
captcha20170714_190428.wav,UK,'cwjx',NotAccepted,'3.38591's
captcha20170714_190447.wav,UK,'',NotAccepted,'3.88164's
captcha20170714_190505.wav,UK,'wj5ry',NotAccepted,'3.51475's
captcha20170714_190522.wav,UK,'',NotAccepted,'2.6717's
captcha20170714_190539.wav,UK,'9x8',NotAccepted,'3.60484's
captcha20170714_190558.wav,UK,'qx',NotAccepted,'2.69586's
captcha20170714_190613.wav,UK,'jd',NotAccepted,'2.88047's
captcha20170714_190631.wav,UK,'hvevyb',NotAccepted,'3.39464's
captcha20170714_190648.wav,UK,'',NotAccepted,'3.42382's
captcha20170714_190708.wav,UK,'vxry',NotAccepted,'2.90195's
captcha20170714_190725.wav,UK,'',NotAccepted,'2.89687's
captcha20170714_190744.wav,UK,'t6',NotAccepted,'3.25214's
captcha20170714_190801.wav,UK,'',NotAccepted,'2.74773's
captcha20170714_190817.wav,UK,'jtc',NotAccepted,'3.04551's
captcha20170714_190834.wav,UK,'spyw',Accepted,'2.98866's
captcha20170714_190851.wav,UK,'wyvx',NotAccepted,'3.1586's
