captcha20170620_003447.wav,US,'3awkbs',Accepted,'3.8533's
captcha20170620_003507.wav,US,'cxxd',NotAccepted,'3.43706's
captcha20170623_153348.wav,US,'kc',NotAccepted,'2.83649's
captcha20170623_153406.wav,US,'b4',NotAccepted,'2.71143's
captcha20170623_153422.wav,US,'5z',NotAccepted,'2.79285's
captcha20170626_030734.wav,US,'jp3kg',NotAccepted,'2.80468's
captcha20170626_030751.wav,US,'wur3',NotAccepted,'2.72225's
captcha20170626_030808.wav,US,'tw9i8',NotAccepted,'2.65222's
captcha20170626_030825.wav,US,'6',NotAccepted,'2.01857's
captcha20170626_030841.wav,US,'gmun',NotAccepted,'3.02399's
captcha20170626_030858.wav,US,'maya',NotAccepted,'2.07346's
captcha20170626_030914.wav,US,'6an',NotAccepted,'3.06311's
captcha20170626_030931.wav,US,'49v',NotAccepted,'2.79202's
captcha20170626_030947.wav,US,'6uvb',NotAccepted,'2.41956's
captcha20170626_031002.wav,US,'y4jym',Accepted,'2.94675's
captcha20170626_031018.wav,US,'yc3',NotAccepted,'2.55258's
captcha20170626_031035.wav,US,'cd',NotAccepted,'2.45205's
captcha20170626_031051.wav,US,'vox',NotAccepted,'1.80113's
captcha20170626_031107.wav,US,'4y3tj',Accepted,'2.29232's
captcha20170626_031124.wav,US,'a4jv',NotAccepted,'2.16073's
captcha20170626_031140.wav,US,'ct',NotAccepted,'2.40141's
captcha20170626_031156.wav,US,'deraam',NotAccepted,'2.66121's
captcha20170626_031215.wav,US,'8tca',NotAccepted,'2.79896's
captcha20170626_031231.wav,US,'aaj',NotAccepted,'2.0971's
captcha20170626_031247.wav,US,'ja',NotAccepted,'2.13043's
captcha20170626_031302.wav,US,'4jx6',NotAccepted,'2.89405's
captcha20170626_031320.wav,US,'rgk',NotAccepted,'2.97295's
captcha20170626_031337.wav,US,'pary',NotAccepted,'2.46683's
captcha20170626_031353.wav,US,'j9kup',Accepted,'2.69075's
captcha20170626_031410.wav,US,'aju',NotAccepted,'3.02124's
captcha20170626_031426.wav,US,'d9ecj',Accepted,'2.5841's
captcha20170626_031441.wav,US,'txyy',NotAccepted,'2.48406's
captcha20170626_031458.wav,US,'',NotAccepted,'1.98477's
captcha20170626_031515.wav,US,'saxny',NotAccepted,'2.60228's
captcha20170626_031532.wav,US,'sdr',NotAccepted,'2.62696's
captcha20170626_031548.wav,US,'tbbtny',Accepted,'3.39697's
captcha20170626_031605.wav,US,'jykpkc',Accepted,'3.33481's
captcha20170626_031622.wav,US,'bjx4c',Accepted,'2.63533's
captcha20170626_031640.wav,US,'y',NotAccepted,'2.73745's
captcha20170626_031659.wav,US,'n4c',NotAccepted,'2.00428's
captcha20170626_031715.wav,US,'tdc',NotAccepted,'2.84524's
captcha20170626_031732.wav,US,'3am',NotAccepted,'2.01798's
captcha20170626_031746.wav,US,'kp',NotAccepted,'2.58965's
captcha20170626_031803.wav,US,'aaac',NotAccepted,'2.39891's
captcha20170626_031820.wav,US,'aa',NotAccepted,'2.65483's
captcha20170626_031837.wav,US,'c5',NotAccepted,'2.63263's
captcha20170626_031853.wav,US,'jmapp',NotAccepted,'2.72144's
captcha20170626_031909.wav,US,'u4j',NotAccepted,'2.38048's
captcha20170626_031925.wav,US,'3pjtpp',NotAccepted,'2.79677's
captcha20170626_031942.wav,US,'k',NotAccepted,'2.62892's
captcha20170626_031959.wav,US,'am',NotAccepted,'2.74279's
captcha20170626_032016.wav,US,'du4',NotAccepted,'2.40396's
captcha20170626_032031.wav,US,'6xbv',NotAccepted,'2.96408's
captcha20170626_032049.wav,US,'aa4nt',NotAccepted,'2.89482's
captcha20170626_032107.wav,US,'pdvyv',NotAccepted,'2.85309's
captcha20170626_032123.wav,US,'6s8av',NotAccepted,'2.76177's
captcha20170626_032140.wav,US,'3da4',NotAccepted,'2.73926's
captcha20170626_032155.wav,US,'ad4ju',Accepted,'2.50484's
captcha20170626_032212.wav,US,'auay',NotAccepted,'2.64591's
captcha20170626_032229.wav,US,'ykd98',NotAccepted,'3.11738's
captcha20170626_032246.wav,US,'cwta',NotAccepted,'2.48299's
captcha20170626_032301.wav,US,'jahnrup',NotAccepted,'2.93474's
captcha20170626_032318.wav,US,'9da',NotAccepted,'2.33666's
captcha20170626_032333.wav,US,'3p69y',Accepted,'2.65739's
captcha20170626_032349.wav,US,'3cc8p',NotAccepted,'2.56388's
captcha20170626_032407.wav,US,'csuv4',NotAccepted,'2.89865's
captcha20170626_032423.wav,US,'aa',NotAccepted,'2.37683's
captcha20170626_032439.wav,US,'u',NotAccepted,'2.72885's
captcha20170626_032455.wav,US,'dbuux',NotAccepted,'2.84586's
captcha20170626_032512.wav,US,'6',NotAccepted,'2.19131's
captcha20170626_032529.wav,US,'cya6y3',NotAccepted,'2.87182's
captcha20170626_032546.wav,US,'6cx',NotAccepted,'2.36007's
captcha20170626_032604.wav,US,'xyu',NotAccepted,'2.60738's
captcha20170626_032619.wav,US,'nu5',NotAccepted,'2.217's
captcha20170626_032635.wav,US,'crjnt',Accepted,'2.90097's
captcha20170626_032651.wav,US,'wd',NotAccepted,'2.41978's
captcha20170626_032709.wav,US,'aaau',NotAccepted,'2.70891's
captcha20170626_032726.wav,US,'skyv4',NotAccepted,'2.58047's
captcha20170626_032744.wav,US,'ga9m6',NotAccepted,'2.21825's
captcha20170626_032800.wav,US,'txd6y',Accepted,'2.94487's
captcha20170626_032817.wav,US,'aw4mv9',NotAccepted,'2.80223's
captcha20170626_032833.wav,US,'5u34',Accepted,'2.29073's
captcha20170626_032849.wav,US,'43sc',Accepted,'2.37448's
captcha20170626_032907.wav,US,'6ujp',NotAccepted,'3.28913's
captcha20170626_032925.wav,US,'ja98',NotAccepted,'2.17381's
captcha20170626_032941.wav,US,'taaa',NotAccepted,'2.58634's
captcha20170626_032957.wav,US,'wtawc',NotAccepted,'3.40813's
captcha20170626_033015.wav,US,'aaa3',NotAccepted,'1.77595's
captcha20170626_033031.wav,US,'44k',NotAccepted,'2.03962's
captcha20170626_033047.wav,US,'v3ks',NotAccepted,'3.15094's
captcha20170626_033103.wav,US,'aaxj',NotAccepted,'2.49993's
captcha20170626_033119.wav,US,'xj',NotAccepted,'2.79081's
captcha20170626_033135.wav,US,'w3n',NotAccepted,'2.54057's
captcha20170626_033151.wav,US,'aawac',NotAccepted,'2.29673's
captcha20170626_033208.wav,US,'rz5cdvj',NotAccepted,'3.05647's
captcha20170626_033224.wav,US,'jamr',Accepted,'2.18721's
captcha20170626_033240.wav,US,'acadx',NotAccepted,'3.29555's
captcha20170626_033258.wav,US,'ja',NotAccepted,'2.6897's
captcha20170626_033314.wav,US,'4rrundp',NotAccepted,'2.86321's
captcha20170626_033331.wav,US,'jdz',NotAccepted,'3.11123's
captcha20170626_033350.wav,US,'amek66',NotAccepted,'3.12562's
captcha20170626_033409.wav,US,'urckd',NotAccepted,'3.0297's
captcha20170626_033426.wav,US,'4w',NotAccepted,'2.48366's
captcha20170626_033443.wav,US,'rajjxk',NotAccepted,'3.07827's
captcha20170626_033502.wav,US,'k4ywj',NotAccepted,'3.23372's
captcha20170626_033519.wav,US,'ydvxc',NotAccepted,'2.60037's
captcha20170626_033535.wav,US,'jt3s',Accepted,'2.37248's
captcha20170626_033551.wav,US,'jdt3s',NotAccepted,'2.72363's
captcha20170626_033607.wav,US,'bbu',NotAccepted,'2.37826's
captcha20170626_033624.wav,US,'v9ca',NotAccepted,'3.28549's
captcha20170626_033641.wav,US,'',NotAccepted,'2.45116's
captcha20170626_033658.wav,US,'c',NotAccepted,'2.83203's
captcha20170626_033715.wav,US,'',NotAccepted,'2.34151's
captcha20170626_033732.wav,US,'6s4y',Accepted,'2.35328's
captcha20170626_033748.wav,US,'kusx',Accepted,'2.33246's
captcha20170626_033805.wav,US,'6zr',NotAccepted,'2.34086's
captcha20170626_033822.wav,US,'4urn9',NotAccepted,'2.71012's
captcha20170626_033839.wav,US,'jvpka',NotAccepted,'3.10878's
captcha20170626_033855.wav,US,'aa6va',NotAccepted,'3.16089's
captcha20170626_033913.wav,US,'ccwk',NotAccepted,'2.45225's
captcha20170626_033928.wav,US,'34kyda',NotAccepted,'2.98512's
captcha20170626_033945.wav,US,'y3vw',NotAccepted,'2.27451's
captcha20170626_034001.wav,US,'3t',NotAccepted,'2.34315's
captcha20170626_034017.wav,US,'3m6aj',NotAccepted,'3.08323's
captcha20170626_034033.wav,US,'djwn',NotAccepted,'2.91101's
captcha20170626_034050.wav,US,'8',NotAccepted,'2.56614's
captcha20170626_034107.wav,US,'3aa9n4',NotAccepted,'2.92413's
captcha20170626_034125.wav,US,'',NotAccepted,'2.11866's
captcha20170626_034142.wav,US,'aa6y',NotAccepted,'2.69038's
captcha20170626_034158.wav,US,'aw',NotAccepted,'2.87494's
captcha20170626_034215.wav,US,'dt',NotAccepted,'2.73741's
captcha20170626_034233.wav,US,'raaw',NotAccepted,'2.60616's
captcha20170626_034250.wav,US,'czjd',NotAccepted,'2.33325's
captcha20170626_034305.wav,US,'6sbab',NotAccepted,'2.86292's
captcha20170626_034322.wav,US,'c44',NotAccepted,'2.71982's
captcha20170626_034339.wav,US,'vscp',Accepted,'2.30413's
captcha20170626_034354.wav,US,'3cd3u',NotAccepted,'2.84701's
captcha20170626_034412.wav,US,'da',NotAccepted,'2.86177's
captcha20170626_034430.wav,US,'3c5pa',Accepted,'2.57301's
captcha20170626_034446.wav,US,'3yiyw',NotAccepted,'2.75011's
captcha20170626_034503.wav,US,'aa',NotAccepted,'2.42968's
captcha20170626_034520.wav,US,'jjyraj',NotAccepted,'3.38801's
captcha20170626_034538.wav,US,'vs3vt',Accepted,'2.50024's
captcha20170626_034556.wav,US,'yaym',Accepted,'2.21113's
captcha20170626_034611.wav,US,'x5',NotAccepted,'2.71767's
captcha20170626_034628.wav,US,'ua3cx',NotAccepted,'2.59067's
captcha20170626_034644.wav,US,'t',NotAccepted,'2.2579's
captcha20170626_034659.wav,US,'araa',NotAccepted,'2.90464's
captcha20170626_034715.wav,US,'686p',Accepted,'2.24945's
captcha20170626_034731.wav,US,'y6vxv',NotAccepted,'3.15581's
captcha20170626_034748.wav,US,'waxc',NotAccepted,'3.19628's
captcha20170626_034804.wav,US,'ja',NotAccepted,'2.88139's
captcha20170626_034821.wav,US,'4vjs',NotAccepted,'2.64317's
captcha20170626_034839.wav,US,'6a',NotAccepted,'2.03353's
captcha20170626_034855.wav,US,'aca',NotAccepted,'2.33057's
captcha20170626_034911.wav,US,'axu',NotAccepted,'2.7171's
captcha20170626_034927.wav,US,'njcp',NotAccepted,'2.63003's
captcha20170626_034944.wav,US,'trujp',NotAccepted,'2.80322's
captcha20170626_034959.wav,US,'aaa',NotAccepted,'2.29241's
captcha20170626_035016.wav,US,'ssx',NotAccepted,'2.09961's
captcha20170626_035031.wav,US,'daa',NotAccepted,'2.44546's
captcha20170626_035048.wav,US,'64d',NotAccepted,'2.76153's
captcha20170626_035103.wav,US,'cjpp',NotAccepted,'2.60986's
captcha20170626_035119.wav,US,'st3s',Accepted,'2.17674's
captcha20170626_035134.wav,US,'wawa',NotAccepted,'3.0585's
captcha20170626_035151.wav,US,'6bab',NotAccepted,'2.18715's
captcha20170626_035206.wav,US,'wwxd',Accepted,'2.50459's
captcha20170626_035222.wav,US,'4jxa',NotAccepted,'2.17227's
captcha20170626_035237.wav,US,'xbx9',NotAccepted,'2.30832's
captcha20170626_035252.wav,US,'s3ympd',Accepted,'2.69865's
captcha20170626_035309.wav,US,'ctjacw',NotAccepted,'2.65788's
captcha20170626_035327.wav,US,'yuu',NotAccepted,'2.87419's
captcha20170626_035344.wav,US,'6ve3',Accepted,'2.54081's
captcha20170626_035400.wav,US,'nftn',NotAccepted,'2.8052's
captcha20170626_035417.wav,US,'jd',NotAccepted,'2.30704's
captcha20170626_035443.wav,US,'xetc',Accepted,'2.63749's
captcha20170626_035500.wav,US,'yj',NotAccepted,'2.12461's
captcha20170626_035517.wav,US,'g3vda',NotAccepted,'3.17812's
captcha20170626_035534.wav,US,'b6w3',NotAccepted,'2.31515's
captcha20170626_035550.wav,US,'ycej',NotAccepted,'2.53973's
captcha20170626_035606.wav,US,'c9k5',NotAccepted,'2.30267's
captcha20170626_035622.wav,US,'ttz3',NotAccepted,'2.73552's
captcha20170626_035639.wav,US,'c3ak',NotAccepted,'2.67313's
captcha20170626_035656.wav,US,'3bcdent',NotAccepted,'2.85471's
captcha20170626_035714.wav,US,'yvts',NotAccepted,'2.67125's
captcha20170626_035730.wav,US,'vau6',NotAccepted,'2.74149's
captcha20170626_035746.wav,US,'jawb',Accepted,'2.52056's
captcha20170626_035802.wav,US,'aaa',NotAccepted,'2.67776's
captcha20170626_035819.wav,US,'t4',NotAccepted,'2.2966's
captcha20170626_035835.wav,US,'xj',NotAccepted,'2.41252's
captcha20170626_035852.wav,US,'rkty',Accepted,'2.15479's
captcha20170626_035907.wav,US,'nny',NotAccepted,'2.74508's
captcha20170626_035926.wav,US,'u9i8y',NotAccepted,'2.5593's
captcha20170626_035943.wav,US,'arv',NotAccepted,'2.24086's
captcha20170626_035958.wav,US,'',NotAccepted,'2.35264's
captcha20170626_040014.wav,US,'w89',NotAccepted,'2.02378's
captcha20170626_040030.wav,US,'rjt',NotAccepted,'2.25686's
captcha20170626_040046.wav,US,'m4cu',NotAccepted,'2.70638's
captcha20170626_040102.wav,US,'njn',NotAccepted,'2.20526's
captcha20170626_040118.wav,US,'3aa',NotAccepted,'2.12179's
captcha20170626_040134.wav,US,'darrr',NotAccepted,'2.78749's
captcha20170626_040149.wav,US,'3ya5',NotAccepted,'2.13258's
captcha20170626_040205.wav,US,'wt88w',NotAccepted,'2.86586's
captcha20170626_040221.wav,US,'3wj',NotAccepted,'2.07366's
captcha20170626_040237.wav,US,'kcdyzb',NotAccepted,'2.82128's
captcha20170626_040255.wav,US,'bb',NotAccepted,'2.22999's
captcha20170626_040310.wav,US,'g',NotAccepted,'1.9785's
captcha20170626_040326.wav,US,'xu3',NotAccepted,'2.38198's
captcha20170626_040343.wav,US,'yayz',NotAccepted,'2.34628's
captcha20170626_040400.wav,US,'yvjan',NotAccepted,'3.19453's
captcha20170626_040416.wav,US,'3jba',NotAccepted,'2.15618's
captcha20170626_040432.wav,US,'au',NotAccepted,'2.3112's
captcha20170626_040449.wav,US,'4n6',NotAccepted,'2.96027's
captcha20170626_040506.wav,US,'tbyax',NotAccepted,'2.94612's
captcha20170626_040522.wav,US,'xj',NotAccepted,'2.00737's
captcha20170626_040538.wav,US,'cnbn5k',NotAccepted,'3.2344's
captcha20170626_040554.wav,US,'uju',NotAccepted,'2.04954's
captcha20170626_040612.wav,US,'',NotAccepted,'2.51303's
captcha20170626_040629.wav,US,'xaj',NotAccepted,'2.57948's
captcha20170626_040645.wav,US,'qna5',NotAccepted,'2.16029's
captcha20170626_040700.wav,US,'',NotAccepted,'2.54719's
captcha20170626_040717.wav,US,'aranv',NotAccepted,'2.95881's
captcha20170626_040735.wav,US,'awbpk',NotAccepted,'2.59474's
captcha20170626_040751.wav,US,'3y5',NotAccepted,'2.29522's
captcha20170626_040807.wav,US,'34jaj',NotAccepted,'2.29744's
captcha20170626_040824.wav,US,'kja',NotAccepted,'2.99231's
captcha20170626_040841.wav,US,'cwtuvv',NotAccepted,'3.31581's
captcha20170626_040857.wav,US,'kj9p',NotAccepted,'2.62088's
captcha20170626_040915.wav,US,'q',NotAccepted,'2.50362's
captcha20170626_040931.wav,US,'3npz',NotAccepted,'2.7727's
captcha20170626_040948.wav,US,'aaas',NotAccepted,'2.70287's
captcha20170626_041004.wav,US,'rnc4',Accepted,'2.10905's
captcha20170626_041020.wav,US,'5',NotAccepted,'2.56051's
captcha20170626_041037.wav,US,'cna',NotAccepted,'2.29493's
captcha20170626_041052.wav,US,'tjus',NotAccepted,'2.69471's
captcha20170626_041110.wav,US,'aw',NotAccepted,'3.20173's
captcha20170626_041127.wav,US,'yica',NotAccepted,'2.20126's
captcha20170626_041144.wav,US,'yuj',NotAccepted,'2.69201's
captcha20170626_041200.wav,US,'bcxwyn',NotAccepted,'3.1713's
captcha20170626_041217.wav,US,'dauu',NotAccepted,'3.2876's
captcha20170626_041234.wav,US,'rwv',NotAccepted,'2.05981's
captcha20170626_041251.wav,US,'ccaa',NotAccepted,'2.32879's
captcha20170626_041306.wav,US,'vvsu',NotAccepted,'2.64932's
captcha20170626_041323.wav,US,'va5w4',Accepted,'2.61579's
captcha20170626_041339.wav,US,'cx',NotAccepted,'2.6933's
captcha20170626_041356.wav,US,'ckk9',Accepted,'2.4388's
captcha20170626_041411.wav,US,'qaj4j',NotAccepted,'3.30387's
captcha20170626_041428.wav,US,'4835',NotAccepted,'2.18491's
captcha20170626_041445.wav,US,'b9m',NotAccepted,'2.22044's
captcha20170626_041501.wav,US,'6cxkt',NotAccepted,'2.77071's
captcha20170626_041516.wav,US,'xkn',NotAccepted,'2.40921's
captcha20170626_041532.wav,US,'y6u',NotAccepted,'2.38218's
captcha20170626_041548.wav,US,'6aa6',NotAccepted,'2.80701's
captcha20170626_041604.wav,US,'ess',NotAccepted,'2.22643's
captcha20170626_041620.wav,US,'p8',NotAccepted,'2.21856's
captcha20170626_041637.wav,US,'sjnr',Accepted,'2.37373's
captcha20170626_041653.wav,US,'guzmx',NotAccepted,'3.00231's
captcha20170626_041711.wav,US,'mrajw',NotAccepted,'3.32102's
captcha20170626_041729.wav,US,'adjtaa',NotAccepted,'3.15044's
captcha20170626_041746.wav,US,'psy',NotAccepted,'2.40795's
captcha20170626_041803.wav,US,'',NotAccepted,'2.05814's
captcha20170626_041820.wav,US,'jsnbca',NotAccepted,'2.61198's
captcha20170626_041837.wav,US,'aaa',NotAccepted,'3.24481's
captcha20170626_041852.wav,US,'kcu3',Accepted,'2.24749's
captcha20170626_041909.wav,US,'a',NotAccepted,'2.38477's
captcha20170626_041923.wav,US,'babst',NotAccepted,'2.95137's
captcha20170626_041940.wav,US,'ac',NotAccepted,'3.60929's
captcha20170626_041956.wav,US,'cdwnm',NotAccepted,'2.52832's
captcha20170714_144625.wav,US,'cyaa',NotAccepted,'9.47352's
captcha20170714_144648.wav,US,'juny',NotAccepted,'3.10438's
captcha20170714_144705.wav,US,'wcpa',NotAccepted,'4.09041's
captcha20170714_144724.wav,US,'p4u9p',NotAccepted,'2.69072's
captcha20170714_144740.wav,US,'9xx',NotAccepted,'2.49065's
captcha20170714_144756.wav,US,'jcvc46',NotAccepted,'4.98739's
captcha20170714_144815.wav,US,'k33n',Accepted,'2.6376's
captcha20170714_144831.wav,US,'uypa',NotAccepted,'2.94661's
captcha20170714_144849.wav,US,'d4d6',NotAccepted,'3.46531's
captcha20170714_144905.wav,US,'kyu',NotAccepted,'2.52323's
captcha20170714_144922.wav,US,'cpwc',NotAccepted,'2.41012's
captcha20170714_144939.wav,US,'bck',NotAccepted,'3.07002's
captcha20170714_144957.wav,US,'vbb',NotAccepted,'3.65017's
captcha20170714_145014.wav,US,'6pmx',NotAccepted,'3.17579's
captcha20170714_145032.wav,US,'jcj',NotAccepted,'3.35636's
captcha20170714_145050.wav,US,'6xwau',NotAccepted,'3.33731's
captcha20170714_145107.wav,US,'vvv',NotAccepted,'3.56058's
captcha20170714_145125.wav,US,'rt9',NotAccepted,'3.81593's
captcha20170714_145142.wav,US,'tjwb4',NotAccepted,'3.49558's
captcha20170714_145200.wav,US,'4cu',NotAccepted,'3.04884's
captcha20170714_145217.wav,US,'ytys',NotAccepted,'3.4124's
captcha20170714_145235.wav,US,'r',NotAccepted,'2.5045's
captcha20170714_145251.wav,US,'crbyk9',NotAccepted,'3.69567's
captcha20170714_152501.wav,US,'c',NotAccepted,'3.2761's
captcha20170714_152518.wav,US,'3nds',NotAccepted,'4.91865's
captcha20170714_152538.wav,US,'43pcu',NotAccepted,'3.75635's
captcha20170714_152557.wav,US,'ca5',NotAccepted,'2.8518's
captcha20170714_152614.wav,US,'jenc',NotAccepted,'3.75377's
captcha20170714_152631.wav,US,'ara',NotAccepted,'2.7142's
captcha20170714_152649.wav,US,'6',NotAccepted,'3.45186's
captcha20170714_152705.wav,US,'ntau',NotAccepted,'2.70557's
captcha20170714_152721.wav,US,'ts6',NotAccepted,'2.84021's
captcha20170714_152738.wav,US,'x9dj',NotAccepted,'2.96843's
captcha20170714_152755.wav,US,'wc3',NotAccepted,'3.38105's
captcha20170714_152811.wav,US,'jtvvpu',NotAccepted,'3.50845's
captcha20170714_152828.wav,US,'cwc',NotAccepted,'3.21561's
captcha20170714_152846.wav,US,'rac3',NotAccepted,'2.79275's
captcha20170714_152902.wav,US,'cpser',NotAccepted,'3.21336's
captcha20170714_152920.wav,US,'63d',NotAccepted,'2.76149's
captcha20170714_152936.wav,US,'pja6x',NotAccepted,'3.96112's
captcha20170714_152953.wav,US,'chuk',NotAccepted,'2.95092's
captcha20170714_153012.wav,US,'9yb',NotAccepted,'3.14596's
captcha20170714_153028.wav,US,'uv',NotAccepted,'4.7639's
captcha20170714_153047.wav,US,'6yyur',NotAccepted,'2.94974's
captcha20170714_153106.wav,US,'nxsv',NotAccepted,'3.43643's
captcha20170714_153124.wav,US,'aj',NotAccepted,'3.2877's
captcha20170714_153142.wav,US,'tdavw',NotAccepted,'3.41813's
captcha20170714_153159.wav,US,'3w5ye',NotAccepted,'3.20819's
captcha20170714_153216.wav,US,'ccu',NotAccepted,'2.75428's
captcha20170714_153233.wav,US,'6ky5',NotAccepted,'3.20979's
captcha20170714_153249.wav,US,'rurah4b',NotAccepted,'3.16156's
captcha20170714_153305.wav,US,'rxyz6p',NotAccepted,'3.21132's
captcha20170714_153321.wav,US,'rnzj',NotAccepted,'3.2891's
captcha20170714_153338.wav,US,'',NotAccepted,'3.6258's
captcha20170714_153355.wav,US,'nxy',NotAccepted,'3.15611's
captcha20170714_153411.wav,US,'vx',NotAccepted,'2.67651's
captcha20170714_153427.wav,US,'rsc',NotAccepted,'2.7988's
captcha20170714_153445.wav,US,'ppyi',NotAccepted,'3.16429's
captcha20170714_153502.wav,US,'a33',NotAccepted,'2.43712's
captcha20170714_153518.wav,US,'auyp6',NotAccepted,'3.50155's
captcha20170714_153535.wav,US,'bujar9',NotAccepted,'5.01753's
captcha20170714_153554.wav,US,'wcav',NotAccepted,'3.22322's
captcha20170714_153610.wav,US,'s4w3s',Accepted,'3.4573's
captcha20170714_153627.wav,US,'ycrj',Accepted,'2.97163's
captcha20170714_153645.wav,US,'cu5',NotAccepted,'3.21227's
captcha20170714_153704.wav,US,'b4',NotAccepted,'3.24465's
captcha20170714_153720.wav,US,'ks66kd',Accepted,'3.53537's
captcha20170714_153738.wav,US,'43vaa',NotAccepted,'3.82044's
captcha20170714_153757.wav,US,'cucaa',NotAccepted,'3.50517's
captcha20170714_153814.wav,US,'awj3',NotAccepted,'5.33949's
captcha20170714_153832.wav,US,'6y4s',NotAccepted,'3.68769's
captcha20170714_153850.wav,US,'dt64y',NotAccepted,'3.33775's
captcha20170714_153907.wav,US,'kj',NotAccepted,'5.36537's
captcha20170714_153928.wav,US,'re3aa4',NotAccepted,'3.0537's
captcha20170714_153945.wav,US,'muca',NotAccepted,'2.96173's
captcha20170714_154003.wav,US,'jctjuy',NotAccepted,'3.17287's
captcha20170714_154019.wav,US,'c6',NotAccepted,'3.79391's
captcha20170714_154036.wav,US,'6',NotAccepted,'2.82072's
captcha20170714_154052.wav,US,'sttbst',NotAccepted,'3.6773's
captcha20170714_154110.wav,US,'b9s',NotAccepted,'3.56471's
captcha20170714_154128.wav,US,'obj3',NotAccepted,'5.51532's
captcha20170714_154148.wav,US,'3vujau',NotAccepted,'3.34824's
captcha20170714_154208.wav,US,'xrtt',NotAccepted,'2.40401's
captcha20170714_154224.wav,US,'cdvs',NotAccepted,'3.24374's
captcha20170714_154241.wav,US,'ay',NotAccepted,'4.04395's
captcha20170714_154258.wav,US,'3a',NotAccepted,'4.25987's
captcha20170714_154315.wav,US,'c3u9',NotAccepted,'2.97802's
captcha20170714_154332.wav,US,'wbpj',Accepted,'3.22645's
captcha20170714_154350.wav,US,'ykd',NotAccepted,'2.92912's
captcha20170714_154407.wav,US,'arajni',NotAccepted,'3.15007's
captcha20170714_154425.wav,US,'xj6yru',Accepted,'3.21297's
captcha20170714_154442.wav,US,'6d3tva',NotAccepted,'3.6303's
captcha20170714_154459.wav,US,'a9w6',NotAccepted,'3.13827's
captcha20170714_154517.wav,US,'a9',NotAccepted,'4.03996's
captcha20170714_154536.wav,US,'jpym',Accepted,'2.75487's
captcha20170714_154552.wav,US,'y6vjz',NotAccepted,'2.94365's
captcha20170714_154609.wav,US,'c46',NotAccepted,'2.69002's
captcha20170714_154627.wav,US,'5d4sta',Accepted,'3.51416's
captcha20170714_154645.wav,US,'jaayaa',NotAccepted,'2.83542's
captcha20170714_154702.wav,US,'4kmsa9',Accepted,'3.95155's
captcha20170714_154721.wav,US,'pkpa',NotAccepted,'2.47209's
captcha20170714_154739.wav,US,'acvj',NotAccepted,'3.27722's
captcha20170714_154758.wav,US,'n65',NotAccepted,'3.35343's
captcha20170714_154816.wav,US,'u63',NotAccepted,'2.78086's
captcha20170714_154832.wav,US,'tve',NotAccepted,'2.90905's
captcha20170714_154849.wav,US,'cdev3re',NotAccepted,'3.47794's
captcha20170714_154906.wav,US,'yj',NotAccepted,'2.62762's
captcha20170714_154923.wav,US,'yuy',NotAccepted,'2.22242's
captcha20170714_154938.wav,US,'6k',NotAccepted,'3.04314's
captcha20170714_154955.wav,US,'5xyp',NotAccepted,'3.89416's
captcha20170714_155012.wav,US,'53',NotAccepted,'3.02027's
captcha20170714_155030.wav,US,'k866x',Accepted,'2.65514's
captcha20170714_155047.wav,US,'a6',NotAccepted,'2.66839's
captcha20170714_155103.wav,US,'yt3u',NotAccepted,'3.2188's
captcha20170714_155119.wav,US,'a',NotAccepted,'4.36882's
captcha20170714_155138.wav,US,'6uu6np',NotAccepted,'3.49344's
captcha20170714_155156.wav,US,'win',NotAccepted,'3.20969's
captcha20170714_155214.wav,US,'nww',NotAccepted,'4.83087's
captcha20170714_155232.wav,US,'wbcm',NotAccepted,'3.56455's
captcha20170714_155250.wav,US,'yu',NotAccepted,'4.13782's
captcha20170714_155308.wav,US,'cn4',NotAccepted,'3.05455's
captcha20170714_155325.wav,US,'x3a46',NotAccepted,'3.01145's
captcha20170714_155342.wav,US,'6nc',NotAccepted,'3.24638's
captcha20170714_155359.wav,US,'44y86',NotAccepted,'4.85836's
captcha20170714_155417.wav,US,'a6uys',NotAccepted,'3.83347's
captcha20170714_155436.wav,US,'4',NotAccepted,'4.04457's
captcha20170714_155454.wav,US,'yadd',NotAccepted,'2.79061's
captcha20170714_155510.wav,US,'a3',NotAccepted,'3.94769's
captcha20170714_155528.wav,US,'aajv',NotAccepted,'4.9193's
captcha20170714_155547.wav,US,'sked',NotAccepted,'3.24493's
captcha20170714_155605.wav,US,'vy6w',NotAccepted,'2.85288's
captcha20170714_155622.wav,US,'vaa',NotAccepted,'3.32117's
captcha20170714_155719.wav,US,'jnrjb4',Accepted,'3.77504's
captcha20170714_155738.wav,US,'yru',NotAccepted,'2.79992's
captcha20170714_155754.wav,US,'786u',NotAccepted,'2.65006's
captcha20170714_155810.wav,US,'awc',NotAccepted,'3.40432's
captcha20170714_155828.wav,US,'4au',NotAccepted,'2.10088's
captcha20170714_155845.wav,US,'k6by',NotAccepted,'4.53546's
captcha20170714_155904.wav,US,'dc',NotAccepted,'3.15978's
captcha20170714_155920.wav,US,'wycec',NotAccepted,'4.02169's
captcha20170714_155938.wav,US,'rbaja',NotAccepted,'3.33518's
captcha20170714_155955.wav,US,'jt',NotAccepted,'2.5342's
captcha20170714_160011.wav,US,'kmca',NotAccepted,'3.4607's
captcha20170714_160028.wav,US,'dyz',NotAccepted,'4.05812's
captcha20170714_160045.wav,US,'nn3ab',NotAccepted,'3.82264's
captcha20170714_160103.wav,US,'urvex',NotAccepted,'3.44237's
captcha20170714_160120.wav,US,'599',NotAccepted,'2.60741's
captcha20170714_160135.wav,US,'95',NotAccepted,'2.5767's
captcha20170714_160152.wav,US,'tjd',NotAccepted,'2.59457's
captcha20170714_160209.wav,US,'4ppp',Accepted,'4.00856's
captcha20170714_160228.wav,US,'xoxy',NotAccepted,'2.58145's
captcha20170714_160244.wav,US,'ca56',NotAccepted,'3.04857's
captcha20170714_160301.wav,US,'skuhy',NotAccepted,'2.93718's
captcha20170714_160318.wav,US,'cnwu',NotAccepted,'2.68927's
captcha20170714_160335.wav,US,'a',NotAccepted,'3.07535's
captcha20170714_160352.wav,US,'6',NotAccepted,'4.21981's
captcha20170714_160410.wav,US,'k',NotAccepted,'2.43136's
captcha20170714_160425.wav,US,'uyjv',NotAccepted,'3.49059's
captcha20170714_160444.wav,US,'puy',NotAccepted,'3.41302's
captcha20170714_160502.wav,US,'ya',NotAccepted,'3.09951's
captcha20170714_160522.wav,US,'p93x5',NotAccepted,'3.50993's
captcha20170714_160539.wav,US,'w9tub4',Accepted,'3.9214's
captcha20170714_160557.wav,US,'45',NotAccepted,'2.88507's
captcha20170714_160615.wav,US,'c4v',NotAccepted,'3.29192's
captcha20170714_160633.wav,US,'cswa',NotAccepted,'2.67022's
captcha20170714_160650.wav,US,'cswdm',NotAccepted,'4.11163's
captcha20170714_160708.wav,US,'nd',NotAccepted,'5.38214's
captcha20170714_160728.wav,US,'dauk',Accepted,'2.4461's
captcha20170714_160745.wav,US,'ct',NotAccepted,'3.34151's
captcha20170714_160801.wav,US,'dnj',NotAccepted,'2.72482's
captcha20170714_160818.wav,US,'tywv',Accepted,'2.89645's
captcha20170714_160834.wav,US,'aaaab',NotAccepted,'3.42382's
captcha20170714_160851.wav,US,'ckczt',NotAccepted,'3.18526's
captcha20170714_160908.wav,US,'nw',NotAccepted,'3.29434's
captcha20170714_160926.wav,US,'vaa6',NotAccepted,'3.1077's
captcha20170714_160944.wav,US,'veu9',NotAccepted,'2.58934's
captcha20170714_161001.wav,US,'av',NotAccepted,'4.07986's
captcha20170714_161019.wav,US,'3vme',NotAccepted,'2.76284's
captcha20170714_161036.wav,US,'aa4tv',NotAccepted,'3.4916's
captcha20170714_161054.wav,US,'a45us9',NotAccepted,'3.32973's
captcha20170714_161111.wav,US,'kun3aa',NotAccepted,'3.28774's
captcha20170714_161128.wav,US,'kn3',NotAccepted,'2.5463's
captcha20170714_161144.wav,US,'c6wk5',NotAccepted,'2.87612's
captcha20170714_161200.wav,US,'6ajc',NotAccepted,'2.87994's
captcha20170714_161217.wav,US,'auxw',NotAccepted,'2.55455's
captcha20170714_161233.wav,US,'avdv',NotAccepted,'3.587's
captcha20170714_161252.wav,US,'sc',NotAccepted,'3.12319's
captcha20170714_161309.wav,US,'kx',NotAccepted,'3.89892's
captcha20170714_161328.wav,US,'arb',NotAccepted,'3.1384's
captcha20170714_161345.wav,US,'porjx8k',NotAccepted,'3.49674's
captcha20170714_161404.wav,US,'gs93sn',NotAccepted,'3.45919's
captcha20170714_161424.wav,US,'avp',NotAccepted,'4.50639's
captcha20170714_161442.wav,US,'waja',NotAccepted,'3.05507's
captcha20170714_161459.wav,US,'ctur',NotAccepted,'4.89694's
captcha20170714_161517.wav,US,'caaaay',NotAccepted,'3.47129's
captcha20170714_161535.wav,US,'gjzcx',NotAccepted,'3.62354's
captcha20170714_161553.wav,US,'caca',NotAccepted,'2.88315's
captcha20170714_161610.wav,US,'6nt',NotAccepted,'4.51436's
captcha20170714_161627.wav,US,'ymky',Accepted,'2.8213's
captcha20170714_161644.wav,US,'jjc3',NotAccepted,'2.9649's
captcha20170714_161701.wav,US,'wm6',NotAccepted,'3.05337's
captcha20170714_161719.wav,US,'b4kj9',Accepted,'3.10637's
captcha20170714_161736.wav,US,'6jct',NotAccepted,'3.06842's
captcha20170714_161753.wav,US,'urdy',NotAccepted,'3.53629's
captcha20170714_161809.wav,US,'aaa',NotAccepted,'2.8171's
captcha20170714_161826.wav,US,'rnu',NotAccepted,'3.93267's
captcha20170714_161844.wav,US,'a',NotAccepted,'3.1958's
captcha20170714_161902.wav,US,'scjcxu',NotAccepted,'3.65582's
captcha20170714_161920.wav,US,'c53',NotAccepted,'3.06111's
captcha20170714_161938.wav,US,'6aja5',NotAccepted,'3.44538's
captcha20170714_161956.wav,US,'jn',NotAccepted,'3.06915's
captcha20170714_162013.wav,US,'33w',NotAccepted,'2.76468's
captcha20170714_162031.wav,US,'cddyda',NotAccepted,'3.61352's
captcha20170714_162049.wav,US,'cfsv4y',NotAccepted,'3.45169's
captcha20170714_162105.wav,US,'paa',NotAccepted,'4.51642's
captcha20170714_162123.wav,US,'a',NotAccepted,'3.90226's
captcha20170714_162141.wav,US,'aaa',NotAccepted,'2.90503's
captcha20170714_162157.wav,US,'kwa',NotAccepted,'2.05119's
captcha20170714_162213.wav,US,'yx9',NotAccepted,'2.273's
captcha20170714_162229.wav,US,'vjbd',NotAccepted,'2.97078's
captcha20170714_162247.wav,US,'4a5',NotAccepted,'3.51522's
captcha20170714_162304.wav,US,'uwxk',NotAccepted,'3.22864's
captcha20170714_162323.wav,US,'svjaa',NotAccepted,'3.02126's
captcha20170714_162340.wav,US,'5dxwee',Accepted,'3.37926's
captcha20170714_162359.wav,US,'3',NotAccepted,'2.49165's
captcha20170714_162416.wav,US,'tayj',NotAccepted,'2.67752's
captcha20170714_162432.wav,US,'a3aw',NotAccepted,'3.77162's
captcha20170714_162449.wav,US,'3kp3',Accepted,'2.63226's
captcha20170714_162505.wav,US,'5rwz4',NotAccepted,'4.26036's
captcha20170714_162524.wav,US,'dk',NotAccepted,'4.00654's
captcha20170714_162540.wav,US,'nce6j4',NotAccepted,'3.3201's
captcha20170714_162557.wav,US,'uxjp',Accepted,'2.64416's
captcha20170714_162615.wav,US,'s8x35',Accepted,'2.65214's
captcha20170714_162631.wav,US,'cam',NotAccepted,'2.64321's
captcha20170714_162647.wav,US,'drdvnv',NotAccepted,'4.26244's
captcha20170714_162705.wav,US,'ra',NotAccepted,'3.51664's
captcha20170714_162723.wav,US,'vxk',NotAccepted,'3.06565's
captcha20170714_162739.wav,US,'wn4cu',NotAccepted,'3.27311's
captcha20170714_162756.wav,US,'r3mxd',Accepted,'3.53151's
captcha20170714_162814.wav,US,'a',NotAccepted,'2.39261's
captcha20170714_162830.wav,US,'4r5',NotAccepted,'5.50382's
captcha20170714_162849.wav,US,'atnju9',NotAccepted,'3.36715's
captcha20170714_162906.wav,US,'4d',NotAccepted,'3.90562's
captcha20170714_162925.wav,US,'jcs94',NotAccepted,'3.40661's
captcha20170714_162943.wav,US,'3a',NotAccepted,'4.01258's
captcha20170714_163001.wav,US,'akvb',NotAccepted,'3.67834's
captcha20170714_163019.wav,US,'aaw',NotAccepted,'2.66811's
captcha20170714_163034.wav,US,'ccu6wj',NotAccepted,'3.5049's
captcha20170714_163052.wav,US,'s9',NotAccepted,'2.76779's
captcha20170714_163107.wav,US,'63jjd',NotAccepted,'3.24673's
captcha20170714_163125.wav,US,'3x6ym',Accepted,'2.85266's
captcha20170714_163142.wav,US,'awd',NotAccepted,'3.14566's
captcha20170714_163158.wav,US,'aa',NotAccepted,'3.22485's
captcha20170714_163214.wav,US,'a4yur',NotAccepted,'4.97693's
captcha20170714_163233.wav,US,'4csnjj',Accepted,'3.94255's
captcha20170714_163250.wav,US,'vp',NotAccepted,'2.94676's
captcha20170714_163306.wav,US,'3apa',NotAccepted,'2.22493's
captcha20170714_163322.wav,US,'akv',NotAccepted,'3.10385's
captcha20170714_163338.wav,US,'k3dczy',NotAccepted,'3.3433's
captcha20170714_163357.wav,US,'4ark',NotAccepted,'3.48426's
captcha20170714_163415.wav,US,'jcdx',NotAccepted,'3.15565's
captcha20170714_163431.wav,US,'wn3a',NotAccepted,'3.13583's
captcha20170714_163448.wav,US,'guy3',NotAccepted,'3.19544's
captcha20170714_163505.wav,US,'xwdc',NotAccepted,'3.72177's
captcha20170714_163523.wav,US,'cjbx',NotAccepted,'4.51344's
captcha20170714_163542.wav,US,'666ty',NotAccepted,'4.73771's
captcha20170714_163600.wav,US,'nu',NotAccepted,'3.80822's
captcha20170714_163617.wav,US,'aabcw',NotAccepted,'3.42307's
captcha20170714_163634.wav,US,'x3u6',NotAccepted,'3.46125's
captcha20170714_163651.wav,US,'yjnk',Accepted,'2.93078's
captcha20170714_163708.wav,US,'k3v5kt',NotAccepted,'3.58643's
captcha20170714_163725.wav,US,'sxjm69',Accepted,'3.36599's
captcha20170714_163742.wav,US,'axtaa',NotAccepted,'2.98228's
captcha20170714_163758.wav,US,'vj65',NotAccepted,'4.83698's
captcha20170714_163818.wav,US,'axst',NotAccepted,'2.98842's
captcha20170714_163835.wav,US,'a9j',NotAccepted,'2.8754's
captcha20170714_163852.wav,US,'49rm',Accepted,'3.68444's
captcha20170714_163909.wav,US,'kcaaa',NotAccepted,'4.05346's
captcha20170714_163928.wav,US,'na',NotAccepted,'2.90845's
captcha20170714_163944.wav,US,'645',NotAccepted,'2.04592's
captcha20170714_164000.wav,US,'',NotAccepted,'4.21047's
captcha20170714_164019.wav,US,'a6kdc',NotAccepted,'3.61454's
captcha20170714_164037.wav,US,'9jy',NotAccepted,'3.44412's
captcha20170714_164055.wav,US,'j4xj',Accepted,'3.42826's
captcha20170714_164112.wav,US,'sv3c',NotAccepted,'2.83387's
captcha20170714_164130.wav,US,'uaa',NotAccepted,'4.46993's
captcha20170714_164147.wav,US,'7an4',NotAccepted,'6.84746's
captcha20170714_164208.wav,US,'ynz',NotAccepted,'3.68238's
captcha20170714_164226.wav,US,'k94kd',Accepted,'3.8259's
captcha20170714_164244.wav,US,'64jwa',NotAccepted,'3.52569's
captcha20170714_164303.wav,US,'s',NotAccepted,'2.91843's
captcha20170714_164320.wav,US,'nvicu',NotAccepted,'4.73028's
captcha20170714_164340.wav,US,'yeua6t',Accepted,'3.6326's
captcha20170714_164357.wav,US,'taj',NotAccepted,'3.24107's
captcha20170714_164414.wav,US,'',NotAccepted,'2.84292's
captcha20170714_164431.wav,US,'tk38xs',Accepted,'3.04089's
captcha20170714_164448.wav,US,'jck',NotAccepted,'2.46175's
captcha20170714_164503.wav,US,'xa',NotAccepted,'2.4068's
captcha20170714_164520.wav,US,'acu',NotAccepted,'3.27038's
captcha20170714_164536.wav,US,'vvj',NotAccepted,'3.59936's
captcha20170714_164553.wav,US,'r',NotAccepted,'3.87241's
captcha20170714_164611.wav,US,'gria',NotAccepted,'3.82871's
captcha20170714_164629.wav,US,'urs',NotAccepted,'3.272's
captcha20170714_164646.wav,US,'c3jpez',NotAccepted,'4.87978's
captcha20170714_164705.wav,US,'y',NotAccepted,'2.38572's
captcha20170714_164722.wav,US,'ksby',NotAccepted,'5.49704's
captcha20170714_164741.wav,US,'a',NotAccepted,'4.6145's
captcha20170714_164800.wav,US,'ak5',NotAccepted,'3.12874's
captcha20170714_164816.wav,US,'vahytat',NotAccepted,'3.52192's
captcha20170714_164834.wav,US,'8ayv',Accepted,'2.51304's
captcha20170714_164852.wav,US,'cv8m',NotAccepted,'3.10546's
captcha20170714_164910.wav,US,'a84',NotAccepted,'3.99838's
captcha20170714_164927.wav,US,'jupp',NotAccepted,'2.6649's
captcha20170714_164944.wav,US,'a43w',NotAccepted,'3.37767's
captcha20170714_165001.wav,US,'cumb',NotAccepted,'3.16558's
captcha20170714_165018.wav,US,'paupp',Accepted,'3.15724's
captcha20170714_165035.wav,US,'knda',NotAccepted,'2.49848's
captcha20170714_165052.wav,US,'3dw',NotAccepted,'4.07274's
captcha20170714_165109.wav,US,'xyr44',Accepted,'3.72951's
captcha20170714_165127.wav,US,'ycya3',NotAccepted,'4.21043's
captcha20170714_165145.wav,US,'ctp',NotAccepted,'4.06999's
captcha20170714_165202.wav,US,'jaa',NotAccepted,'2.84322's
captcha20170714_165220.wav,US,'rd4',NotAccepted,'3.40022's
captcha20170714_165237.wav,US,'ax',NotAccepted,'2.86722's
captcha20170714_165254.wav,US,'69cpn6',NotAccepted,'4.21539's
captcha20170714_165314.wav,US,'neyeezn',NotAccepted,'3.38252's
captcha20170714_165332.wav,US,'cakr3t',NotAccepted,'4.87382's
captcha20170714_165351.wav,US,'5mas',NotAccepted,'3.4041's
captcha20170714_165409.wav,US,'a',NotAccepted,'2.74772's
captcha20170714_165426.wav,US,'kard',NotAccepted,'3.07869's
captcha20170714_165443.wav,US,'dj',NotAccepted,'2.68489's
captcha20170714_165458.wav,US,'jas36',NotAccepted,'3.02488's
captcha20170714_165515.wav,US,'658',NotAccepted,'2.29508's
captcha20170714_165531.wav,US,'cdvjr',NotAccepted,'4.41727's
captcha20170714_165549.wav,US,'aawn',NotAccepted,'3.99875's
captcha20170714_165607.wav,US,'cransj',NotAccepted,'3.75549's
captcha20170714_165624.wav,US,'pw6',NotAccepted,'3.27851's
captcha20170714_165641.wav,US,'nu46c',NotAccepted,'3.10115's
captcha20170714_165656.wav,US,'8c6',NotAccepted,'3.60924's
captcha20170714_165714.wav,US,'6xa',NotAccepted,'2.79303's
captcha20170714_165731.wav,US,'jajaaaja',NotAccepted,'3.25099's
captcha20170714_165749.wav,US,'cdny55',NotAccepted,'3.11118's
captcha20170714_165806.wav,US,'953w',NotAccepted,'4.73323's
captcha20170714_165823.wav,US,'5x',NotAccepted,'4.03261's
captcha20170714_165840.wav,US,'rdxw',Accepted,'3.13851's
captcha20170714_165857.wav,US,'3a',NotAccepted,'4.36206's
captcha20170714_165917.wav,US,'5x',NotAccepted,'4.667's
captcha20170714_165936.wav,US,'6rvj',NotAccepted,'2.73059's
captcha20170714_165953.wav,US,'v',NotAccepted,'3.07346's
captcha20170714_170016.wav,US,'aaxa4',NotAccepted,'3.90745's
captcha20170714_170034.wav,US,'a',NotAccepted,'2.1953's
captcha20170714_170050.wav,US,'59w',NotAccepted,'2.41846's
captcha20170714_170107.wav,US,'pn',NotAccepted,'3.9091's
captcha20170714_170130.wav,US,'dva4j',NotAccepted,'5.02456's
captcha20170714_170148.wav,US,'akjw5',NotAccepted,'3.43187's
captcha20170714_170205.wav,US,'cn4',NotAccepted,'3.0756's
captcha20170714_170223.wav,US,'aryij',NotAccepted,'2.82924's
captcha20170714_170241.wav,US,'9j',NotAccepted,'2.99109's
captcha20170714_170258.wav,US,'xyk',NotAccepted,'3.09437's
captcha20170714_170315.wav,US,'a5',NotAccepted,'2.984's
captcha20170714_170332.wav,US,'axpu',Accepted,'3.08996's
captcha20170714_170350.wav,US,'ji8u',NotAccepted,'2.69412's
captcha20170714_170406.wav,US,'cecu',NotAccepted,'3.07987's
captcha20170714_170424.wav,US,'yax5',NotAccepted,'3.17356's
captcha20170714_170441.wav,US,'wetw',Accepted,'2.98194's
captcha20170714_170458.wav,US,'cas',NotAccepted,'2.84134's
captcha20170714_170514.wav,US,'k56n9',Accepted,'2.9127's
captcha20170714_170531.wav,US,'5csjp',NotAccepted,'6.96003's
captcha20170714_170551.wav,US,'dcaa',NotAccepted,'3.52951's
captcha20170714_170607.wav,US,'stjm',NotAccepted,'3.72193's
captcha20170714_170624.wav,US,'bcd5',NotAccepted,'3.05931's
captcha20170714_170640.wav,US,'5x',NotAccepted,'3.02763's
captcha20170714_170656.wav,US,'wa34',NotAccepted,'3.40214's
captcha20170714_170714.wav,US,'',NotAccepted,'3.03165's
captcha20170714_170732.wav,US,'xw3',NotAccepted,'2.64251's
captcha20170714_170749.wav,US,'jaauaa',NotAccepted,'3.188's
captcha20170714_170805.wav,US,'gyjw',NotAccepted,'3.31202's
captcha20170714_170822.wav,US,'6u9',NotAccepted,'4.22696's
captcha20170714_170840.wav,US,'uxwr',NotAccepted,'4.58219's
captcha20170714_170859.wav,US,'atk',NotAccepted,'2.96616's
captcha20170714_170915.wav,US,'yaa',NotAccepted,'2.59799's
captcha20170714_170931.wav,US,'cuy',NotAccepted,'2.58162's
captcha20170714_170947.wav,US,'tskbt6',Accepted,'4.33588's
captcha20170714_171006.wav,US,'46pj9',NotAccepted,'2.88608's
captcha20170714_171023.wav,US,'s8tw',Accepted,'2.50919's
captcha20170714_171038.wav,US,'y45',NotAccepted,'2.79276's
captcha20170714_171055.wav,US,'pmcca',NotAccepted,'3.21809's
captcha20170714_171112.wav,US,'yurbbt',NotAccepted,'4.70184's
captcha20170714_171131.wav,US,'c3',NotAccepted,'2.36761's
captcha20170714_171148.wav,US,'a',NotAccepted,'2.2023's
captcha20170714_171205.wav,US,'cacky',NotAccepted,'3.03539's
captcha20170714_171221.wav,US,'pd',NotAccepted,'2.63877's
captcha20170714_171237.wav,US,'iu46n',NotAccepted,'7.93689's
captcha20170714_171258.wav,US,'ckwvey',NotAccepted,'3.51309's
captcha20170714_171316.wav,US,'kumc',Accepted,'2.55913's
captcha20170714_171333.wav,US,'ya5pu',NotAccepted,'2.95568's
captcha20170714_171350.wav,US,'x3a',NotAccepted,'2.82544's
captcha20170714_171409.wav,US,'wnah',NotAccepted,'2.75358's
captcha20170714_171426.wav,US,'d3k',NotAccepted,'3.76173's
captcha20170714_171444.wav,US,'44k58',NotAccepted,'4.15809's
captcha20170714_171502.wav,US,'ucxz',NotAccepted,'3.48664's
captcha20170714_171520.wav,US,'y5c',NotAccepted,'2.26724's
captcha20170714_171537.wav,US,'6ds',NotAccepted,'3.79766's
captcha20170714_171555.wav,US,'6x3y',NotAccepted,'2.57745's
captcha20170714_171618.wav,US,'4dv9nva',NotAccepted,'4.20895's
captcha20170714_171635.wav,US,'dn',NotAccepted,'3.91677's
captcha20170714_171652.wav,US,'q5aa',NotAccepted,'3.54867's
captcha20170714_171710.wav,US,'tzz',NotAccepted,'4.69822's
captcha20170714_171728.wav,US,'4kvtvt',NotAccepted,'3.20881's
captcha20170714_171745.wav,US,'cpjan',NotAccepted,'3.26652's
captcha20170714_171802.wav,US,'p6xxd',NotAccepted,'2.79158's
captcha20170714_171819.wav,US,'vczpm',NotAccepted,'3.5368's
captcha20170714_171835.wav,US,'c6n',NotAccepted,'2.58272's
captcha20170714_171851.wav,US,'acyv',NotAccepted,'2.52723's
captcha20170714_171907.wav,US,'whauy',NotAccepted,'2.70769's
captcha20170714_171923.wav,US,'ybvu',NotAccepted,'5.01125's
captcha20170714_171942.wav,US,'cncrnd',NotAccepted,'3.76462's
captcha20170714_171959.wav,US,'ds5',NotAccepted,'4.84232's
captcha20170714_172019.wav,US,'d4j',NotAccepted,'3.27962's
captcha20170714_172035.wav,US,'tpppjt',NotAccepted,'3.09828's
captcha20170714_172052.wav,US,'aca',NotAccepted,'2.85368's
captcha20170714_172109.wav,US,'xwt',NotAccepted,'3.01385's
captcha20170714_172126.wav,US,'59',NotAccepted,'3.93327's
captcha20170714_172144.wav,US,'yu8n',NotAccepted,'3.56199's
captcha20170714_172202.wav,US,'6a',NotAccepted,'2.50314's
captcha20170714_172218.wav,US,'kjyd',Accepted,'2.87011's
captcha20170714_172234.wav,US,'83',NotAccepted,'3.26871's
captcha20170714_172251.wav,US,'ssey4',NotAccepted,'3.88816's
captcha20170714_172308.wav,US,'avr',NotAccepted,'3.12138's
captcha20170714_172325.wav,US,'axs8',NotAccepted,'3.3879's
captcha20170714_172343.wav,US,'8n',NotAccepted,'4.15348's
captcha20170714_172400.wav,US,'am',NotAccepted,'3.53667's
captcha20170714_172418.wav,US,'uja',NotAccepted,'3.05316's
captcha20170714_172434.wav,US,'x4aa',NotAccepted,'2.69212's
captcha20170714_172451.wav,US,'cxrvj',NotAccepted,'3.64318's
captcha20170714_172509.wav,US,'unjk',NotAccepted,'2.94655's
captcha20170714_172525.wav,US,'aakx',NotAccepted,'3.19306's
captcha20170714_172543.wav,US,'cnjk',NotAccepted,'3.121's
captcha20170714_172559.wav,US,'rcunjw',Accepted,'3.63663's
captcha20170714_172616.wav,US,'j9',NotAccepted,'2.76654's
captcha20170714_172633.wav,US,'cpux',NotAccepted,'2.90445's
captcha20170714_172650.wav,US,'pyxyz',NotAccepted,'2.56082's
captcha20170714_172706.wav,US,'r6a',NotAccepted,'3.41614's
captcha20170714_172722.wav,US,'r3',NotAccepted,'2.58446's
captcha20170714_172738.wav,US,'',NotAccepted,'4.0581's
captcha20170714_172757.wav,US,'6kej',Accepted,'2.80205's
captcha20170714_172812.wav,US,'4kwrzx',NotAccepted,'4.62703's
captcha20170714_172832.wav,US,'cka6aa',NotAccepted,'3.6853's
captcha20170714_172856.wav,US,'je8pyx',Accepted,'4.04833's
captcha20170714_172914.wav,US,'aaa',NotAccepted,'3.19434's
captcha20170714_172932.wav,US,'c5von',NotAccepted,'5.31933's
captcha20170714_172952.wav,US,'x3r',NotAccepted,'2.74228's
captcha20170714_173009.wav,US,'ttjm',NotAccepted,'5.20588's
captcha20170714_173028.wav,US,'wtrd',NotAccepted,'3.11311's
captcha20170714_173045.wav,US,'kr9aa',NotAccepted,'3.50672's
captcha20170714_173102.wav,US,'r3waaaa',NotAccepted,'3.54812's
captcha20170714_173120.wav,US,'6a',NotAccepted,'3.22945's
captcha20170714_173137.wav,US,'b4pnc3',Accepted,'4.40653's
captcha20170714_173154.wav,US,'c6cs',NotAccepted,'2.69321's
captcha20170714_173212.wav,US,'34n',NotAccepted,'2.76502's
captcha20170714_173229.wav,US,'s3d4z',NotAccepted,'3.30318's
captcha20170714_173248.wav,US,'a',NotAccepted,'3.69699's
captcha20170714_173306.wav,US,'4zwup',NotAccepted,'3.28767's
captcha20170714_173323.wav,US,'3j',NotAccepted,'3.75718's
captcha20170714_173340.wav,US,'acv',NotAccepted,'3.3081's
captcha20170714_173357.wav,US,'v5drbj',NotAccepted,'3.48602's
captcha20170714_173414.wav,US,'c',NotAccepted,'2.87592's
captcha20170714_173431.wav,US,'3d',NotAccepted,'2.9904's
captcha20170714_173449.wav,US,'6xwapau',NotAccepted,'4.08983's
captcha20170714_173507.wav,US,'4my',NotAccepted,'3.04571's
captcha20170714_173524.wav,US,'j4j3',Accepted,'2.79888's
captcha20170714_173541.wav,US,'dr6nw',NotAccepted,'3.12692's
captcha20170714_173559.wav,US,'nr',NotAccepted,'4.85449's
captcha20170714_173617.wav,US,'wyw',NotAccepted,'2.44559's
captcha20170714_173633.wav,US,'92c6d',NotAccepted,'5.1905's
captcha20170714_173651.wav,US,'6rsx5',Accepted,'3.1391's
captcha20170714_173706.wav,US,'jbcd',NotAccepted,'3.52387's
captcha20170714_173723.wav,US,'auprn',Accepted,'3.50018's
captcha20170714_173741.wav,US,'cwnjxa',NotAccepted,'3.21004's
captcha20170714_173757.wav,US,'akb',NotAccepted,'2.9688's
captcha20170714_173816.wav,US,'janer',NotAccepted,'4.92475's
captcha20170714_173836.wav,US,'rwcu',Accepted,'2.54's
captcha20170714_173852.wav,US,'ackw4',NotAccepted,'3.68358's
captcha20170714_173908.wav,US,'a49ww',NotAccepted,'3.94855's
captcha20170714_173926.wav,US,'4',NotAccepted,'4.49842's
captcha20170714_173944.wav,US,'ya',NotAccepted,'3.98572's
captcha20170714_174001.wav,US,'94',NotAccepted,'4.46795's
captcha20170714_174018.wav,US,'6td',NotAccepted,'2.7504's
captcha20170714_174035.wav,US,'wydd',NotAccepted,'3.03368's
captcha20170714_174051.wav,US,'',NotAccepted,'5.25865's
captcha20170714_174109.wav,US,'6uvk',NotAccepted,'3.94256's
captcha20170714_174127.wav,US,'5c',NotAccepted,'3.26306's
captcha20170714_174144.wav,US,'cunmn6',Accepted,'3.83063's
captcha20170714_174204.wav,US,'autj',Accepted,'2.57285's
captcha20170714_174219.wav,US,'xba',NotAccepted,'4.13755's
captcha20170714_174237.wav,US,'',NotAccepted,'2.86337's
captcha20170714_174253.wav,US,'a5',NotAccepted,'3.79501's
captcha20170714_174310.wav,US,'yswknk',NotAccepted,'3.88512's
captcha20170714_174328.wav,US,'xwczt',NotAccepted,'3.54473's
captcha20170714_174345.wav,US,'aa',NotAccepted,'3.41408's
captcha20170714_174402.wav,US,'gaa',NotAccepted,'2.98128's
captcha20170714_174419.wav,US,'aavab',NotAccepted,'3.96345's
captcha20170714_174438.wav,US,'x4wkww',NotAccepted,'3.73795's
captcha20170714_174455.wav,US,'pk',NotAccepted,'2.46173's
captcha20170714_174511.wav,US,'ausyy',NotAccepted,'2.96041's
captcha20170714_174528.wav,US,'nsd',NotAccepted,'2.88862's
captcha20170714_174545.wav,US,'ada',NotAccepted,'3.33124's
captcha20170714_174603.wav,US,'u9uw8',Accepted,'3.19605's
captcha20170714_174620.wav,US,'aot4',NotAccepted,'4.17849's
captcha20170714_174637.wav,US,'6xter',NotAccepted,'3.16374's
captcha20170714_174654.wav,US,'tcvyaw',NotAccepted,'3.26288's
captcha20170714_174711.wav,US,'cunn',NotAccepted,'3.88671's
captcha20170714_174730.wav,US,'xxj9',NotAccepted,'3.38568's
captcha20170714_174746.wav,US,'reck',NotAccepted,'3.06307's
captcha20170714_174803.wav,US,'ven5w',NotAccepted,'3.08184's
captcha20170714_174820.wav,US,'jak',NotAccepted,'4.07576's
captcha20170714_174837.wav,US,'wcac',NotAccepted,'2.35818's
captcha20170714_174853.wav,US,'yn',NotAccepted,'2.7861's
captcha20170714_174910.wav,US,'kdtcew',NotAccepted,'4.30228's
captcha20170714_174928.wav,US,'tepve',NotAccepted,'22.91343's
captcha20170714_175005.wav,US,'wvywp',NotAccepted,'8.11368's
captcha20170714_175027.wav,US,'dbv',NotAccepted,'4.0959's
captcha20170714_175045.wav,US,'kcz3',NotAccepted,'3.12681's
captcha20170714_175102.wav,US,'adaar',NotAccepted,'3.32145's
captcha20170714_175120.wav,US,'yk4v',NotAccepted,'3.15957's
captcha20170714_175138.wav,US,'ccn',NotAccepted,'3.58752's
captcha20170714_175155.wav,US,'beypej',Accepted,'3.25996's
captcha20170714_175212.wav,US,'cx4p',NotAccepted,'3.30854's
captcha20170714_175230.wav,US,'tbx35',NotAccepted,'3.08939's
captcha20170714_175248.wav,US,'c9aaa',NotAccepted,'2.99633's
captcha20170714_175304.wav,US,'hymasd',NotAccepted,'3.24693's
captcha20170714_175322.wav,US,'3aaa',NotAccepted,'3.04948's
captcha20170714_175340.wav,US,'cnrax',NotAccepted,'3.64524's
captcha20170714_175358.wav,US,'ay',NotAccepted,'2.70609's
captcha20170714_175414.wav,US,'b4',NotAccepted,'20.60407's
captcha20170714_175449.wav,US,'debcd',NotAccepted,'5.8142's
captcha20170714_175509.wav,US,'cvd6',NotAccepted,'4.17325's
captcha20170714_175526.wav,US,'yim9iy',NotAccepted,'4.33746's
captcha20170714_175544.wav,US,'w59',NotAccepted,'2.41421's
captcha20170714_175601.wav,US,'yjt',NotAccepted,'2.57769's
captcha20170714_175619.wav,US,'csuv',NotAccepted,'3.01641's
captcha20170714_175635.wav,US,'rc5z',NotAccepted,'3.01664's
captcha20170714_175651.wav,US,'ca3sve',NotAccepted,'3.92505's
captcha20170714_175710.wav,US,'cccc',NotAccepted,'3.03488's
captcha20170714_175727.wav,US,'5c3',NotAccepted,'2.73292's
captcha20170714_175745.wav,US,'wncam',NotAccepted,'11.96593's
captcha20170714_175810.wav,US,'dakxd',NotAccepted,'4.01498's
captcha20170714_175828.wav,US,'acaa',NotAccepted,'6.7457's
captcha20170714_175849.wav,US,'dwty',Accepted,'3.00223's
captcha20170714_175906.wav,US,'',NotAccepted,'3.69246's
captcha20170714_175923.wav,US,'4',NotAccepted,'2.79452's
captcha20170714_175941.wav,US,'x4st',NotAccepted,'2.8892's
captcha20170714_175957.wav,US,'4k5',NotAccepted,'4.90653's
captcha20170714_180018.wav,US,'aaaa',NotAccepted,'2.658's
captcha20170714_180035.wav,US,'cn4',NotAccepted,'4.59075's
captcha20170714_180052.wav,US,'a99',NotAccepted,'3.33887's
captcha20170714_180110.wav,US,'jmc5z',NotAccepted,'4.22685's
captcha20170714_180128.wav,US,'5x',NotAccepted,'4.4884's
captcha20170714_180147.wav,US,'3a',NotAccepted,'4.20991's
captcha20170714_180204.wav,US,'ca',NotAccepted,'3.45734's
captcha20170714_180221.wav,US,'regpu',NotAccepted,'2.85986's
captcha20170714_180238.wav,US,'59k',NotAccepted,'2.99887's
captcha20170714_180254.wav,US,'asyve',NotAccepted,'3.77566's
captcha20170714_180311.wav,US,'rta',NotAccepted,'2.72045's
captcha20170714_180328.wav,US,'366',NotAccepted,'4.07632's
captcha20170714_180346.wav,US,'cj65',NotAccepted,'2.24796's
captcha20170714_180403.wav,US,'yck',NotAccepted,'3.22012's
captcha20170714_180419.wav,US,'49tz',NotAccepted,'4.46461's
captcha20170714_180441.wav,US,'arua',NotAccepted,'3.49518's
captcha20170714_180457.wav,US,'csxa',NotAccepted,'4.21768's
captcha20170714_180516.wav,US,'kka6',NotAccepted,'15.00391's
captcha20170714_180546.wav,US,'aa499g',NotAccepted,'6.37837's
captcha20170714_180607.wav,US,'8n4u',NotAccepted,'3.14532's
captcha20170714_180624.wav,US,'36wntn',NotAccepted,'5.17162's
captcha20170714_180643.wav,US,'3ryb',NotAccepted,'4.33273's
captcha20170714_180701.wav,US,'5ru',NotAccepted,'2.58847's
captcha20170714_180718.wav,US,'aatjav',NotAccepted,'4.58864's
captcha20170714_180738.wav,US,'w5aa',NotAccepted,'4.73723's
captcha20170714_180756.wav,US,'vwxy',NotAccepted,'10.5834's
captcha20170714_180819.wav,US,'dmap',NotAccepted,'3.37656's
captcha20170714_180837.wav,US,'t39',NotAccepted,'4.62507's
captcha20170714_180857.wav,US,'yy5',NotAccepted,'3.38588's
captcha20170714_180913.wav,US,'cn6dya',NotAccepted,'3.68047's
captcha20170714_180931.wav,US,'d3',NotAccepted,'4.21105's
captcha20170714_180949.wav,US,'4pcdy',NotAccepted,'3.91486's
captcha20170714_181007.wav,US,'wp9sa3',NotAccepted,'6.01905's
captcha20170714_181026.wav,US,'cua4p',NotAccepted,'5.13281's
captcha20170714_181044.wav,US,'',NotAccepted,'5.68766's
captcha20170714_181103.wav,US,'xntz',NotAccepted,'3.75456's
captcha20170714_181120.wav,US,'kaa',NotAccepted,'6.8439's
captcha20170714_181142.wav,US,'99',NotAccepted,'3.56461's
captcha20170714_181200.wav,US,'643',NotAccepted,'3.30568's
captcha20170714_181218.wav,US,'9rc',NotAccepted,'5.99846's
captcha20170714_181238.wav,US,'daaaa',NotAccepted,'3.17258's
captcha20170714_181256.wav,US,'ubnb6',NotAccepted,'3.45803's
captcha20170714_181313.wav,US,'corxp',NotAccepted,'3.03853's
captcha20170714_181331.wav,US,'',NotAccepted,'2.69707's
captcha20170714_181348.wav,US,'66xbcd4',NotAccepted,'4.54637's
captcha20170714_181406.wav,US,'cupnw',NotAccepted,'5.35564's
captcha20170714_181424.wav,US,'ddddvr',NotAccepted,'5.1617's
captcha20170714_181445.wav,US,'58',NotAccepted,'2.50004's
captcha20170714_181501.wav,US,'uj95k',NotAccepted,'4.02324's
captcha20170714_181520.wav,US,'5',NotAccepted,'5.21418's
captcha20170714_181538.wav,US,'ajxn',NotAccepted,'3.56638's
captcha20170714_181556.wav,US,'yv9',NotAccepted,'4.72543's
captcha20170714_181615.wav,US,'uayu',NotAccepted,'3.14609's
captcha20170714_181631.wav,US,'tjp36',NotAccepted,'3.88666's
captcha20170714_181648.wav,US,'aym',NotAccepted,'3.06802's
captcha20170714_181704.wav,US,'krp4jf',NotAccepted,'4.71015's
captcha20170714_181722.wav,US,'vy9j6b',NotAccepted,'3.22774's
captcha20170714_181738.wav,US,'ga',NotAccepted,'3.23259's
captcha20170714_181756.wav,US,'jk64',Accepted,'2.29067's
captcha20170714_181813.wav,US,'boop',NotAccepted,'4.68265's
captcha20170714_181832.wav,US,'466',NotAccepted,'11.6129's
captcha20170714_181857.wav,US,'cjx69',NotAccepted,'3.9455's
captcha20170714_181915.wav,US,'akkv',NotAccepted,'3.53855's
captcha20170714_181933.wav,US,'js5',NotAccepted,'2.80307's
captcha20170714_181950.wav,US,'av',NotAccepted,'6.64787's
captcha20170714_182011.wav,US,'tmcu',NotAccepted,'3.43101's
captcha20170714_182030.wav,US,'dcum',NotAccepted,'3.28261's
captcha20170714_182047.wav,US,'k4vkc',NotAccepted,'3.56391's
captcha20170714_182104.wav,US,'bttw',NotAccepted,'3.43886's
captcha20170714_182120.wav,US,'cca5',NotAccepted,'3.41549's
captcha20170714_182138.wav,US,'ka',NotAccepted,'3.91952's
captcha20170714_182157.wav,US,'cuddbv8',NotAccepted,'4.82438's
captcha20170714_182216.wav,US,'vee4',NotAccepted,'4.32855's
captcha20170714_182234.wav,US,'dc',NotAccepted,'8.34722's
captcha20170714_182255.wav,US,'cwan',NotAccepted,'3.67376's
captcha20170714_182313.wav,US,'vx9',NotAccepted,'4.00656's
captcha20170714_182330.wav,US,'cab',NotAccepted,'2.90198's
captcha20170714_182346.wav,US,'axk',NotAccepted,'4.95758's
captcha20170714_182404.wav,US,'bjtw',NotAccepted,'2.96784's
captcha20170714_182421.wav,US,'aa',NotAccepted,'3.57016's
captcha20170714_182439.wav,US,'nsmvb',NotAccepted,'6.26336's
captcha20170714_182458.wav,US,'vyx',NotAccepted,'3.32152's
captcha20170714_182515.wav,US,'36wu',NotAccepted,'3.33948's
captcha20170714_182533.wav,US,'yny',NotAccepted,'3.50448's
captcha20170714_182551.wav,US,'ab',NotAccepted,'3.15936's
captcha20170714_182608.wav,US,'53',NotAccepted,'3.83187's
captcha20170714_182627.wav,US,'rc9zm',NotAccepted,'3.70957's
captcha20170714_182645.wav,US,'rcavqp',NotAccepted,'4.29687's
captcha20170714_182705.wav,US,'44usy',Accepted,'4.18141's
captcha20170714_182724.wav,US,'aaa',NotAccepted,'3.37798's
captcha20170714_182742.wav,US,'xyx',NotAccepted,'2.83258's
captcha20170714_182758.wav,US,'cn3x',NotAccepted,'3.35684's
captcha20170714_182814.wav,US,'xx',NotAccepted,'3.07267's
captcha20170714_182831.wav,US,'jam',NotAccepted,'2.77466's
captcha20170714_182848.wav,US,'bnsja',NotAccepted,'5.69845's
captcha20170714_182907.wav,US,'vuk',NotAccepted,'2.69483's
captcha20170714_182924.wav,US,'yac',NotAccepted,'2.27453's
captcha20170714_182939.wav,US,'3jt',NotAccepted,'3.64234's
captcha20170714_182957.wav,US,'vckja',NotAccepted,'3.34702's
captcha20170714_183014.wav,US,'s6psad',NotAccepted,'3.35608's
captcha20170714_183031.wav,US,'4',NotAccepted,'2.85563's
captcha20170714_183048.wav,US,'6jjdt',NotAccepted,'3.74043's
captcha20170714_183106.wav,US,'6wdat',NotAccepted,'3.4221's
captcha20170714_183122.wav,US,'pajac',NotAccepted,'3.91791's
captcha20170714_183140.wav,US,'63rhx',NotAccepted,'4.23529's
captcha20170714_183157.wav,US,'3a3',NotAccepted,'2.64668's
captcha20170714_183213.wav,US,'c96y',NotAccepted,'5.03092's
captcha20170714_183231.wav,US,'skej',NotAccepted,'3.52983's
captcha20170714_183250.wav,US,'rcar',NotAccepted,'2.57275's
captcha20170714_183306.wav,US,'ut',NotAccepted,'4.37416's
captcha20170714_183325.wav,US,'bbby',NotAccepted,'5.23821's
captcha20170714_183344.wav,US,'svy6',NotAccepted,'3.04045's
captcha20170714_183401.wav,US,'jkaaaw',NotAccepted,'3.3872's
captcha20170714_183418.wav,US,'adaaur',NotAccepted,'4.4664's
captcha20170714_183437.wav,US,'xxta',NotAccepted,'3.02835's
captcha20170714_183453.wav,US,'4uck',NotAccepted,'3.4227's
captcha20170714_183512.wav,US,'akv4',NotAccepted,'3.42877's
captcha20170714_183529.wav,US,'jxab',NotAccepted,'3.03707's
captcha20170714_183545.wav,US,'cadd',NotAccepted,'3.54854's
captcha20170714_183604.wav,US,'cw6x4',NotAccepted,'2.51084's
captcha20170714_183621.wav,US,'aa',NotAccepted,'3.33812's
captcha20170714_183639.wav,US,'jcss',NotAccepted,'3.38903's
captcha20170714_183657.wav,US,'894nx4',Accepted,'4.05075's
captcha20170714_183716.wav,US,'yandn',NotAccepted,'3.29016's
captcha20170714_183733.wav,US,'aujj3',NotAccepted,'3.49533's
captcha20170714_183751.wav,US,'9kj',NotAccepted,'3.99535's
captcha20170714_183809.wav,US,'awd',NotAccepted,'3.27291's
captcha20170714_183825.wav,US,'aaww',NotAccepted,'7.9761's
captcha20170714_183846.wav,US,'j9wr',NotAccepted,'2.89371's
captcha20170714_183903.wav,US,'6aajcr',NotAccepted,'3.77649's
captcha20170714_183922.wav,US,'x9jv',NotAccepted,'3.4024's
captcha20170714_183940.wav,US,'5k',NotAccepted,'4.31634's
captcha20170714_183959.wav,US,'wyc9',NotAccepted,'4.08751's
captcha20170714_184017.wav,US,'kx',NotAccepted,'3.22313's
captcha20170714_184034.wav,US,'43uv',NotAccepted,'4.20487's
captcha20170714_184052.wav,US,'ar',NotAccepted,'5.73557's
captcha20170714_184112.wav,US,'tz',NotAccepted,'4.73381's
captcha20170714_184130.wav,US,'jd6',NotAccepted,'2.5276's
captcha20170714_184145.wav,US,'cden',NotAccepted,'3.99361's
captcha20170714_184204.wav,US,'b3wct',NotAccepted,'4.01832's
captcha20170714_184222.wav,US,'k3cdaa',NotAccepted,'4.26909's
captcha20170714_184241.wav,US,'vczxy',NotAccepted,'3.04728's
captcha20170714_184257.wav,US,'ukep',Accepted,'9.43881's
captcha20170714_184320.wav,US,'cjxtn',NotAccepted,'8.71974's
captcha20170714_184342.wav,US,'9kn94',NotAccepted,'8.74552's
captcha20170714_184404.wav,US,'cnwc',NotAccepted,'3.21453's
captcha20170714_184423.wav,US,'ndrw65',NotAccepted,'5.11643's
captcha20170714_184442.wav,US,'csvk',NotAccepted,'3.29175's
captcha20170714_184500.wav,US,'x4u',NotAccepted,'3.05611's
captcha20170714_184517.wav,US,'cxcu',NotAccepted,'3.13621's
captcha20170714_184534.wav,US,'a5w',NotAccepted,'5.4046's
captcha20170714_184555.wav,US,'ja9tah',NotAccepted,'3.71046's
captcha20170714_184612.wav,US,'a4',NotAccepted,'9.05776's
captcha20170714_184636.wav,US,'6tj5',NotAccepted,'4.5318's
captcha20170714_184654.wav,US,'b6b',NotAccepted,'4.00651's
captcha20170714_184712.wav,US,'5',NotAccepted,'3.7896's
captcha20170714_184731.wav,US,'w6kda',NotAccepted,'4.2482's
captcha20170714_184749.wav,US,'9n6',NotAccepted,'3.77221's
captcha20170714_184806.wav,US,'9a4n',NotAccepted,'3.2949's
captcha20170714_184823.wav,US,'y',NotAccepted,'4.545's
captcha20170714_184842.wav,US,'3maa3',NotAccepted,'4.74674's
captcha20170714_184901.wav,US,'apw6aa',NotAccepted,'3.64549's
captcha20170714_184919.wav,US,'34cr',NotAccepted,'2.91221's
captcha20170714_184937.wav,US,'369',NotAccepted,'3.21438's
captcha20170714_184955.wav,US,'vyam4',Accepted,'3.15033's
captcha20170714_185013.wav,US,'brra',NotAccepted,'3.40012's
captcha20170714_185030.wav,US,'cjb',NotAccepted,'3.04711's
captcha20170714_185047.wav,US,'3abx',Accepted,'3.56738's
captcha20170714_185103.wav,US,'6d6p',NotAccepted,'2.83647's
captcha20170714_185119.wav,US,'cu888',NotAccepted,'3.23481's
captcha20170714_185136.wav,US,'cbjzcz',NotAccepted,'4.0455's
captcha20170714_185156.wav,US,'a3ukd',NotAccepted,'2.90798's
captcha20170714_185213.wav,US,'taht4',NotAccepted,'3.20459's
captcha20170714_185232.wav,US,'ns8',NotAccepted,'2.48408's
captcha20170714_185248.wav,US,'bcd6rp',NotAccepted,'4.73562's
captcha20170714_185307.wav,US,'cuau',NotAccepted,'3.03125's
captcha20170714_185324.wav,US,'aw9tp',NotAccepted,'4.34617's
captcha20170714_185343.wav,US,'95j',NotAccepted,'4.6445's
captcha20170714_185401.wav,US,'wy3',NotAccepted,'4.57123's
captcha20170714_185420.wav,US,'ya',NotAccepted,'2.74744's
captcha20170714_185436.wav,US,'urjky',NotAccepted,'3.32703's
captcha20170714_185453.wav,US,'rbcp',Accepted,'3.22748's
captcha20170714_185510.wav,US,'s4d',NotAccepted,'2.89558's
captcha20170714_185525.wav,US,'c4xp',NotAccepted,'3.46345's
captcha20170714_185542.wav,US,'x5z9',NotAccepted,'3.29385's
captcha20170714_185605.wav,US,'cyam',NotAccepted,'3.93545's
captcha20170714_185621.wav,US,'9',NotAccepted,'6.41821's
captcha20170714_185642.wav,US,'6a5pc',NotAccepted,'3.26655's
captcha20170714_185659.wav,US,'htj5',NotAccepted,'2.89055's
captcha20170714_185716.wav,US,'tzvp',NotAccepted,'3.23886's
captcha20170714_185734.wav,US,'jytz6',NotAccepted,'3.50081's
captcha20170714_185751.wav,US,'a6',NotAccepted,'4.63015's
captcha20170714_185809.wav,US,'9cx',NotAccepted,'4.99062's
captcha20170714_185830.wav,US,'caak',NotAccepted,'3.16823's
captcha20170714_185847.wav,US,'ju3ut3',Accepted,'3.09217's
captcha20170714_185903.wav,US,'ypvb6w',NotAccepted,'4.84298's
captcha20170714_185922.wav,US,'wwn',NotAccepted,'3.10453's
captcha20170714_185939.wav,US,'wayd',NotAccepted,'2.99499's
captcha20170714_185956.wav,US,'ntah',NotAccepted,'2.46766's
captcha20170714_190011.wav,US,'59',NotAccepted,'3.30928's
captcha20170714_190028.wav,US,'dpj',NotAccepted,'4.38421's
captcha20170714_190047.wav,US,'4zw',NotAccepted,'9.50502's
captcha20170714_190109.wav,US,'bd9x',NotAccepted,'5.18479's
captcha20170714_190129.wav,US,'vcu5',NotAccepted,'3.88464's
captcha20170714_190147.wav,US,'xss',NotAccepted,'3.58256's
captcha20170714_190206.wav,US,'aw5a',NotAccepted,'8.37125's
captcha20170714_190228.wav,US,'c4cnt',NotAccepted,'4.92273's
captcha20170714_190246.wav,US,'r5ua',Accepted,'2.64752's
captcha20170714_190302.wav,US,'ca',NotAccepted,'3.50378's
captcha20170714_190319.wav,US,'4up',NotAccepted,'4.27755's
captcha20170714_190337.wav,US,'vac',NotAccepted,'3.02226's
captcha20170714_190357.wav,US,'jyjj',NotAccepted,'3.43264's
captcha20170714_190415.wav,US,'6a',NotAccepted,'5.07819's
captcha20170714_190435.wav,US,'cnwa',NotAccepted,'3.22651's
captcha20170714_190452.wav,US,'5cddk',NotAccepted,'4.13971's
captcha20170714_190510.wav,US,'xdaa',NotAccepted,'3.74017's
captcha20170714_190526.wav,US,'qkaa6',NotAccepted,'4.00564's
captcha20170714_190543.wav,US,'n6hzwe',NotAccepted,'4.07352's
captcha20170714_190602.wav,US,'upa4',NotAccepted,'3.63091's
captcha20170714_190618.wav,US,'a9',NotAccepted,'2.54389's
captcha20170714_190634.wav,US,'aaa',NotAccepted,'2.91263's
captcha20170714_190651.wav,US,'vj',NotAccepted,'6.63239's
captcha20170714_190710.wav,US,'3nap',Accepted,'4.12715's
captcha20170714_190728.wav,US,'b36m',NotAccepted,'3.82539's
captcha20170714_190745.wav,US,'3jv4',Accepted,'3.05711's
captcha20170714_190803.wav,US,'aad6m',NotAccepted,'3.73948's
captcha20170714_190821.wav,US,'avpa',NotAccepted,'5.30974's
captcha20170714_190842.wav,US,'aaajn',NotAccepted,'2.82777's
captcha20170714_190859.wav,US,'nsk3ke',NotAccepted,'5.28299's
captcha20170714_190919.wav,US,'ja4',NotAccepted,'3.88977's
captcha20170714_190937.wav,US,'wxx',NotAccepted,'2.78267's
captcha20170714_190954.wav,US,'nahau',NotAccepted,'3.14424's
captcha20170714_191011.wav,US,'4caa4',NotAccepted,'4.0732's
captcha20170714_191030.wav,US,'wr3p',Accepted,'2.96783's
captcha20170714_191046.wav,US,'vafuc',NotAccepted,'3.29327's
captcha20170714_191104.wav,US,'tuyyr',NotAccepted,'3.4467's
captcha20170714_191120.wav,US,'34j9v',NotAccepted,'3.23029's
captcha20170714_191137.wav,US,'aaa',NotAccepted,'3.04179's
captcha20170714_191154.wav,US,'byta',NotAccepted,'2.5564's
captcha20170714_191210.wav,US,'aamnj',NotAccepted,'4.23131's
captcha20170714_191229.wav,US,'awd',NotAccepted,'5.82356's
captcha20170714_191249.wav,US,'keetcd',NotAccepted,'3.48077's
captcha20170714_191307.wav,US,'raaa',NotAccepted,'7.01285's
captcha20170714_191327.wav,US,'aj3z',NotAccepted,'2.95416's
captcha20170714_191344.wav,US,'',NotAccepted,'4.8126's
captcha20170714_191402.wav,US,'jabu',NotAccepted,'2.75982's
